2025-05-14 15:12:33.713 | INFO     | uvicorn.server:_serve:83 - Started server process [30368]
2025-05-14 15:12:33.713 | INFO     | uvicorn.lifespan.on:startup:48 - Waiting for application startup.
2025-05-14 15:12:35.026 | ERROR    | uvicorn.lifespan.on:send:121 - Traceback (most recent call last):
  File "C:\Users\Beast\Desktop\Work\projs\range_monitor_api\range_mon_2\cyber-range-monitor-v-2\backend\.venv\Lib\site-packages\redis\asyncio\connection.py", line 697, in _connect
    reader, writer = await asyncio.open_connection(
                     ^^^^^^^^^^^^^^^^^^^^^^^^^^^^^^
  File "C:\Program Files\Python312\Lib\asyncio\streams.py", line 48, in open_connection
    transport, _ = await loop.create_connection(
                   ^^^^^^^^^^^^^^^^^^^^^^^^^^^^^
  File "C:\Program Files\Python312\Lib\asyncio\base_events.py", line 1103, in create_connection
    sock = await self._connect_sock(
           ^^^^^^^^^^^^^^^^^^^^^^^^^
  File "C:\Program Files\Python312\Lib\asyncio\base_events.py", line 1006, in _connect_sock
    await self.sock_connect(sock, address)
  File "C:\Program Files\Python312\Lib\asyncio\selector_events.py", line 651, in sock_connect
    return await fut
           ^^^^^^^^^
asyncio.exceptions.CancelledError

The above exception was the direct cause of the following exception:

Traceback (most recent call last):
  File "C:\Users\Beast\Desktop\Work\projs\range_monitor_api\range_mon_2\cyber-range-monitor-v-2\backend\.venv\Lib\site-packages\redis\asyncio\connection.py", line 281, in connect
    await self.retry.call_with_retry(
  File "C:\Users\Beast\Desktop\Work\projs\range_monitor_api\range_mon_2\cyber-range-monitor-v-2\backend\.venv\Lib\site-packages\redis\asyncio\retry.py", line 59, in call_with_retry
    return await do()
           ^^^^^^^^^^
  File "C:\Users\Beast\Desktop\Work\projs\range_monitor_api\range_mon_2\cyber-range-monitor-v-2\backend\.venv\Lib\site-packages\redis\asyncio\connection.py", line 696, in _connect
    async with async_timeout(self.socket_connect_timeout):
               ^^^^^^^^^^^^^^^^^^^^^^^^^^^^^^^^^^^^^^^^^^
  File "C:\Program Files\Python312\Lib\asyncio\timeouts.py", line 115, in __aexit__
    raise TimeoutError from exc_val
TimeoutError

During handling of the above exception, another exception occurred:

Traceback (most recent call last):
  File "C:\Users\Beast\Desktop\Work\projs\range_monitor_api\range_mon_2\cyber-range-monitor-v-2\backend\app\redis\client.py", line 47, in open
    await self.ping()
  File "C:\Users\Beast\Desktop\Work\projs\range_monitor_api\range_mon_2\cyber-range-monitor-v-2\backend\.venv\Lib\site-packages\redis\asyncio\client.py", line 611, in execute_command
    conn = self.connection or await pool.get_connection(command_name, **options)
                              ^^^^^^^^^^^^^^^^^^^^^^^^^^^^^^^^^^^^^^^^^^^^^^^^^^
  File "C:\Users\Beast\Desktop\Work\projs\range_monitor_api\range_mon_2\cyber-range-monitor-v-2\backend\.venv\Lib\site-packages\redis\asyncio\connection.py", line 1064, in get_connection
    await self.ensure_connection(connection)
  File "C:\Users\Beast\Desktop\Work\projs\range_monitor_api\range_mon_2\cyber-range-monitor-v-2\backend\.venv\Lib\site-packages\redis\asyncio\connection.py", line 1097, in ensure_connection
    await connection.connect()
  File "C:\Users\Beast\Desktop\Work\projs\range_monitor_api\range_mon_2\cyber-range-monitor-v-2\backend\.venv\Lib\site-packages\redis\asyncio\connection.py", line 287, in connect
    raise TimeoutError("Timeout connecting to server")
redis.exceptions.TimeoutError: Timeout connecting to server

During handling of the above exception, another exception occurred:

Traceback (most recent call last):
  File "C:\Users\Beast\Desktop\Work\projs\range_monitor_api\range_mon_2\cyber-range-monitor-v-2\backend\.venv\Lib\site-packages\starlette\routing.py", line 693, in lifespan
    async with self.lifespan_context(app) as maybe_state:
               ^^^^^^^^^^^^^^^^^^^^^^^^^^
  File "C:\Program Files\Python312\Lib\contextlib.py", line 210, in __aenter__
    return await anext(self.gen)
           ^^^^^^^^^^^^^^^^^^^^^
  File "C:\Users\Beast\Desktop\Work\projs\range_monitor_api\range_mon_2\cyber-range-monitor-v-2\backend\.venv\Lib\site-packages\fastapi\routing.py", line 133, in merged_lifespan
    async with original_context(app) as maybe_original_state:
               ^^^^^^^^^^^^^^^^^^^^^
  File "C:\Program Files\Python312\Lib\contextlib.py", line 210, in __aenter__
    return await anext(self.gen)
           ^^^^^^^^^^^^^^^^^^^^^
  File "C:\Users\Beast\Desktop\Work\projs\range_monitor_api\range_mon_2\cyber-range-monitor-v-2\backend\app\main.py", line 41, in lifespan
    await redis_client.open()
  File "C:\Users\Beast\Desktop\Work\projs\range_monitor_api\range_mon_2\cyber-range-monitor-v-2\backend\app\redis\client.py", line 49, in open
    fail("RedisError: Client connection timed out and could not be reached")
  File "C:\Users\Beast\Desktop\Work\projs\range_monitor_api\range_mon_2\cyber-range-monitor-v-2\backend\app\redis\client.py", line 24, in fail
    sys.exit(1)
SystemExit: 1

2025-05-14 15:12:35.035 | ERROR    | uvicorn.lifespan.on:startup:59 - Application startup failed. Exiting.
2025-05-14 15:13:41.591 | INFO     | uvicorn.server:_serve:83 - Started server process [20608]
2025-05-14 15:13:41.591 | INFO     | uvicorn.lifespan.on:startup:48 - Waiting for application startup.
2025-05-14 15:13:41.661 | INFO     | uvicorn.lifespan.on:startup:62 - Application startup complete.
2025-05-14 15:15:08.252 | ERROR    | uvicorn.protocols.http.httptools_impl:run_asgi:414 - Exception in ASGI application

  + Exception Group Traceback (most recent call last):
  |
  |   File "C:\Users\Beast\Desktop\Work\projs\range_monitor_api\range_mon_2\cyber-range-monitor-v-2\backend\.venv\Lib\site-packages\starlette\_utils.py", line 76, in collapse_excgroups
  |     yield
  |   File "C:\Users\Beast\Desktop\Work\projs\range_monitor_api\range_mon_2\cyber-range-monitor-v-2\backend\.venv\Lib\site-packages\starlette\middleware\base.py", line 178, in __call__
  |     async with anyio.create_task_group() as task_group:
  |                │     │                      └ <anyio._backends._asyncio.TaskGroup object at 0x00000135E9A6B1D0>
  |                │     └ <function create_task_group at 0x00000135E37625C0>
  |                └ <module 'anyio' from 'C:\\Users\\Beast\\Desktop\\Work\\projs\\range_monitor_api\\range_mon_2\\cyber-range-monitor-v-2\\backen...
  |   File "C:\Users\Beast\Desktop\Work\projs\range_monitor_api\range_mon_2\cyber-range-monitor-v-2\backend\.venv\Lib\site-packages\anyio\_backends\_asyncio.py", line 767, in __aexit__
  |     raise BaseExceptionGroup(
  |
  | ExceptionGroup: unhandled errors in a TaskGroup (1 sub-exception)
  +-+---------------- 1 ----------------
    | Traceback (most recent call last):
    |
    |   File "C:\Users\Beast\Desktop\Work\projs\range_monitor_api\range_mon_2\cyber-range-monitor-v-2\backend\.venv\Lib\site-packages\uvicorn\protocols\http\httptools_impl.py", line 409, in run_asgi
    |     result = await app(  # type: ignore[func-returns-value]
    |                    └ <uvicorn.middleware.proxy_headers.ProxyHeadersMiddleware object at 0x00000135E3A98800>
    |   File "C:\Users\Beast\Desktop\Work\projs\range_monitor_api\range_mon_2\cyber-range-monitor-v-2\backend\.venv\Lib\site-packages\uvicorn\middleware\proxy_headers.py", line 60, in __call__
    |     return await self.app(scope, receive, send)
    |                  │    │   │      │        └ <bound method RequestResponseCycle.send of <uvicorn.protocols.http.httptools_impl.RequestResponseCycle object at 0x00000135E9...
    |                  │    │   │      └ <bound method RequestResponseCycle.receive of <uvicorn.protocols.http.httptools_impl.RequestResponseCycle object at 0x0000013...
    |                  │    │   └ {'type': 'http', 'asgi': {'version': '3.0', 'spec_version': '2.3'}, 'http_version': '1.1', 'server': ('127.0.0.1', 8000), 'cl...
    |                  │    └ <fastapi.applications.FastAPI object at 0x00000135E9408170>
    |                  └ <uvicorn.middleware.proxy_headers.ProxyHeadersMiddleware object at 0x00000135E3A98800>
    |   File "C:\Users\Beast\Desktop\Work\projs\range_monitor_api\range_mon_2\cyber-range-monitor-v-2\backend\.venv\Lib\site-packages\fastapi\applications.py", line 1055, in __call__
    |     await super().__call__(scope, receive, send)
    |                            │      │        └ <bound method RequestResponseCycle.send of <uvicorn.protocols.http.httptools_impl.RequestResponseCycle object at 0x00000135E9...
    |                            │      └ <bound method RequestResponseCycle.receive of <uvicorn.protocols.http.httptools_impl.RequestResponseCycle object at 0x0000013...
    |                            └ {'type': 'http', 'asgi': {'version': '3.0', 'spec_version': '2.3'}, 'http_version': '1.1', 'server': ('127.0.0.1', 8000), 'cl...
    |   File "C:\Users\Beast\Desktop\Work\projs\range_monitor_api\range_mon_2\cyber-range-monitor-v-2\backend\.venv\Lib\site-packages\starlette\applications.py", line 112, in __call__
    |     await self.middleware_stack(scope, receive, send)
    |           │    │                │      │        └ <bound method RequestResponseCycle.send of <uvicorn.protocols.http.httptools_impl.RequestResponseCycle object at 0x00000135E9...
    |           │    │                │      └ <bound method RequestResponseCycle.receive of <uvicorn.protocols.http.httptools_impl.RequestResponseCycle object at 0x0000013...
    |           │    │                └ {'type': 'http', 'asgi': {'version': '3.0', 'spec_version': '2.3'}, 'http_version': '1.1', 'server': ('127.0.0.1', 8000), 'cl...
    |           │    └ <starlette.middleware.errors.ServerErrorMiddleware object at 0x00000135E45C5C10>
    |           └ <fastapi.applications.FastAPI object at 0x00000135E9408170>
    |   File "C:\Users\Beast\Desktop\Work\projs\range_monitor_api\range_mon_2\cyber-range-monitor-v-2\backend\.venv\Lib\site-packages\starlette\middleware\errors.py", line 187, in __call__
    |     raise exc
    |   File "C:\Users\Beast\Desktop\Work\projs\range_monitor_api\range_mon_2\cyber-range-monitor-v-2\backend\.venv\Lib\site-packages\starlette\middleware\errors.py", line 165, in __call__
    |     await self.app(scope, receive, _send)
    |           │    │   │      │        └ <function ServerErrorMiddleware.__call__.<locals>._send at 0x00000135E9993600>
    |           │    │   │      └ <bound method RequestResponseCycle.receive of <uvicorn.protocols.http.httptools_impl.RequestResponseCycle object at 0x0000013...
    |           │    │   └ {'type': 'http', 'asgi': {'version': '3.0', 'spec_version': '2.3'}, 'http_version': '1.1', 'server': ('127.0.0.1', 8000), 'cl...
    |           │    └ <starlette.middleware.cors.CORSMiddleware object at 0x00000135E98A6180>
    |           └ <starlette.middleware.errors.ServerErrorMiddleware object at 0x00000135E45C5C10>
    |   File "C:\Users\Beast\Desktop\Work\projs\range_monitor_api\range_mon_2\cyber-range-monitor-v-2\backend\.venv\Lib\site-packages\starlette\middleware\cors.py", line 85, in __call__
    |     await self.app(scope, receive, send)
    |           │    │   │      │        └ <function ServerErrorMiddleware.__call__.<locals>._send at 0x00000135E9993600>
    |           │    │   │      └ <bound method RequestResponseCycle.receive of <uvicorn.protocols.http.httptools_impl.RequestResponseCycle object at 0x0000013...
    |           │    │   └ {'type': 'http', 'asgi': {'version': '3.0', 'spec_version': '2.3'}, 'http_version': '1.1', 'server': ('127.0.0.1', 8000), 'cl...
    |           │    └ <app.middleware.request_logger.RequestLoggingMiddleware object at 0x00000135E98A61B0>
    |           └ <starlette.middleware.cors.CORSMiddleware object at 0x00000135E98A6180>
    |   File "C:\Users\Beast\Desktop\Work\projs\range_monitor_api\range_mon_2\cyber-range-monitor-v-2\backend\.venv\Lib\site-packages\starlette\middleware\base.py", line 177, in __call__
    |     with recv_stream, send_stream, collapse_excgroups():
    |          │            │            └ <function collapse_excgroups at 0x00000135E4A1DB20>
    |          │            └ MemoryObjectSendStream(_state=MemoryObjectStreamState(max_buffer_size=0, buffer=deque([]), open_send_channels=0, open_receive...
    |          └ MemoryObjectReceiveStream(_state=MemoryObjectStreamState(max_buffer_size=0, buffer=deque([]), open_send_channels=0, open_rece...
    |   File "C:\Program Files\Python312\Lib\contextlib.py", line 158, in __exit__
    |     self.gen.throw(value)
    |     │    │   │     └ ExceptionGroup('unhandled errors in a TaskGroup', [TypeError('Boolean value of this clause is not defined')])
    |     │    │   └ <method 'throw' of 'generator' objects>
    |     │    └ <generator object collapse_excgroups at 0x00000135E73ED700>
    |     └ <contextlib._GeneratorContextManager object at 0x00000135E9A6B110>
    |   File "C:\Users\Beast\Desktop\Work\projs\range_monitor_api\range_mon_2\cyber-range-monitor-v-2\backend\.venv\Lib\site-packages\starlette\_utils.py", line 82, in collapse_excgroups
    |     raise exc
    |   File "C:\Users\Beast\Desktop\Work\projs\range_monitor_api\range_mon_2\cyber-range-monitor-v-2\backend\.venv\Lib\site-packages\starlette\middleware\base.py", line 179, in __call__
    |     response = await self.dispatch_func(request, call_next)
    |                      │    │             │        └ <function BaseHTTPMiddleware.__call__.<locals>.call_next at 0x00000135E9946200>
    |                      │    │             └ <starlette.middleware.base._CachedRequest object at 0x00000135E9A6BD40>
    |                      │    └ <function request_logging_middleware at 0x00000135E930B240>
    |                      └ <app.middleware.request_logger.RequestLoggingMiddleware object at 0x00000135E98A61B0>
    |
    |   File "C:\Users\Beast\Desktop\Work\projs\range_monitor_api\range_mon_2\cyber-range-monitor-v-2\backend\app\middleware\request_logger.py", line 47, in request_logging_middleware
    |     response: Response = await call_next(request)
    |                                │         └ <starlette.middleware.base._CachedRequest object at 0x00000135E9A6BD40>
    |                                └ <function BaseHTTPMiddleware.__call__.<locals>.call_next at 0x00000135E9946200>
    |
    |   File "C:\Users\Beast\Desktop\Work\projs\range_monitor_api\range_mon_2\cyber-range-monitor-v-2\backend\.venv\Lib\site-packages\starlette\middleware\base.py", line 154, in call_next
    |     raise app_exc
    |           └ TypeError('Boolean value of this clause is not defined')
    |   File "C:\Users\Beast\Desktop\Work\projs\range_monitor_api\range_mon_2\cyber-range-monitor-v-2\backend\.venv\Lib\site-packages\starlette\middleware\base.py", line 141, in coro
    |     await self.app(scope, receive_or_disconnect, send_no_error)
    |           │    │   │      │                      └ <function BaseHTTPMiddleware.__call__.<locals>.call_next.<locals>.send_no_error at 0x00000135E9945760>
    |           │    │   │      └ <function BaseHTTPMiddleware.__call__.<locals>.call_next.<locals>.receive_or_disconnect at 0x00000135E97FB060>
    |           │    │   └ {'type': 'http', 'asgi': {'version': '3.0', 'spec_version': '2.3'}, 'http_version': '1.1', 'server': ('127.0.0.1', 8000), 'cl...
    |           │    └ <starlette.middleware.exceptions.ExceptionMiddleware object at 0x00000135E9877F80>
    |           └ <app.middleware.request_logger.RequestLoggingMiddleware object at 0x00000135E98A61B0>
    |   File "C:\Users\Beast\Desktop\Work\projs\range_monitor_api\range_mon_2\cyber-range-monitor-v-2\backend\.venv\Lib\site-packages\starlette\middleware\exceptions.py", line 62, in __call__
    |     await wrap_app_handling_exceptions(self.app, conn)(scope, receive, send)
    |           │                            │    │    │     │      │        └ <function BaseHTTPMiddleware.__call__.<locals>.call_next.<locals>.send_no_error at 0x00000135E9945760>
    |           │                            │    │    │     │      └ <function BaseHTTPMiddleware.__call__.<locals>.call_next.<locals>.receive_or_disconnect at 0x00000135E97FB060>
    |           │                            │    │    │     └ {'type': 'http', 'asgi': {'version': '3.0', 'spec_version': '2.3'}, 'http_version': '1.1', 'server': ('127.0.0.1', 8000), 'cl...
    |           │                            │    │    └ <starlette.requests.Request object at 0x00000135E9975790>
    |           │                            │    └ <fastapi.routing.APIRouter object at 0x00000135E94C5610>
    |           │                            └ <starlette.middleware.exceptions.ExceptionMiddleware object at 0x00000135E9877F80>
    |           └ <function wrap_app_handling_exceptions at 0x00000135E5C53740>
    |   File "C:\Users\Beast\Desktop\Work\projs\range_monitor_api\range_mon_2\cyber-range-monitor-v-2\backend\.venv\Lib\site-packages\starlette\_exception_handler.py", line 53, in wrapped_app
    |     raise exc
    |   File "C:\Users\Beast\Desktop\Work\projs\range_monitor_api\range_mon_2\cyber-range-monitor-v-2\backend\.venv\Lib\site-packages\starlette\_exception_handler.py", line 42, in wrapped_app
    |     await app(scope, receive, sender)
    |           │   │      │        └ <function wrap_app_handling_exceptions.<locals>.wrapped_app.<locals>.sender at 0x00000135E99451C0>
    |           │   │      └ <function BaseHTTPMiddleware.__call__.<locals>.call_next.<locals>.receive_or_disconnect at 0x00000135E97FB060>
    |           │   └ {'type': 'http', 'asgi': {'version': '3.0', 'spec_version': '2.3'}, 'http_version': '1.1', 'server': ('127.0.0.1', 8000), 'cl...
    |           └ <fastapi.routing.APIRouter object at 0x00000135E94C5610>
    |   File "C:\Users\Beast\Desktop\Work\projs\range_monitor_api\range_mon_2\cyber-range-monitor-v-2\backend\.venv\Lib\site-packages\starlette\routing.py", line 715, in __call__
    |     await self.middleware_stack(scope, receive, send)
    |           │    │                │      │        └ <function wrap_app_handling_exceptions.<locals>.wrapped_app.<locals>.sender at 0x00000135E99451C0>
    |           │    │                │      └ <function BaseHTTPMiddleware.__call__.<locals>.call_next.<locals>.receive_or_disconnect at 0x00000135E97FB060>
    |           │    │                └ {'type': 'http', 'asgi': {'version': '3.0', 'spec_version': '2.3'}, 'http_version': '1.1', 'server': ('127.0.0.1', 8000), 'cl...
    |           │    └ <bound method Router.app of <fastapi.routing.APIRouter object at 0x00000135E94C5610>>
    |           └ <fastapi.routing.APIRouter object at 0x00000135E94C5610>
    |   File "C:\Users\Beast\Desktop\Work\projs\range_monitor_api\range_mon_2\cyber-range-monitor-v-2\backend\.venv\Lib\site-packages\starlette\routing.py", line 735, in app
    |     await route.handle(scope, receive, send)
    |           │     │      │      │        └ <function wrap_app_handling_exceptions.<locals>.wrapped_app.<locals>.sender at 0x00000135E99451C0>
    |           │     │      │      └ <function BaseHTTPMiddleware.__call__.<locals>.call_next.<locals>.receive_or_disconnect at 0x00000135E97FB060>
    |           │     │      └ {'type': 'http', 'asgi': {'version': '3.0', 'spec_version': '2.3'}, 'http_version': '1.1', 'server': ('127.0.0.1', 8000), 'cl...
    |           │     └ <function Route.handle at 0x00000135E5C7CC20>
    |           └ APIRoute(path='/api/users/', name='get_all_users', methods=['GET'])
    |   File "C:\Users\Beast\Desktop\Work\projs\range_monitor_api\range_mon_2\cyber-range-monitor-v-2\backend\.venv\Lib\site-packages\starlette\routing.py", line 288, in handle
    |     await self.app(scope, receive, send)
    |           │    │   │      │        └ <function wrap_app_handling_exceptions.<locals>.wrapped_app.<locals>.sender at 0x00000135E99451C0>
    |           │    │   │      └ <function BaseHTTPMiddleware.__call__.<locals>.call_next.<locals>.receive_or_disconnect at 0x00000135E97FB060>
    |           │    │   └ {'type': 'http', 'asgi': {'version': '3.0', 'spec_version': '2.3'}, 'http_version': '1.1', 'server': ('127.0.0.1', 8000), 'cl...
    |           │    └ <function request_response.<locals>.app at 0x00000135E9669BC0>
    |           └ APIRoute(path='/api/users/', name='get_all_users', methods=['GET'])
    |   File "C:\Users\Beast\Desktop\Work\projs\range_monitor_api\range_mon_2\cyber-range-monitor-v-2\backend\.venv\Lib\site-packages\starlette\routing.py", line 76, in app
    |     await wrap_app_handling_exceptions(app, request)(scope, receive, send)
    |           │                            │    │        │      │        └ <function wrap_app_handling_exceptions.<locals>.wrapped_app.<locals>.sender at 0x00000135E99451C0>
    |           │                            │    │        │      └ <function BaseHTTPMiddleware.__call__.<locals>.call_next.<locals>.receive_or_disconnect at 0x00000135E97FB060>
    |           │                            │    │        └ {'type': 'http', 'asgi': {'version': '3.0', 'spec_version': '2.3'}, 'http_version': '1.1', 'server': ('127.0.0.1', 8000), 'cl...
    |           │                            │    └ <starlette.requests.Request object at 0x00000135E993FCB0>
    |           │                            └ <function request_response.<locals>.app.<locals>.app at 0x00000135E9944FE0>
    |           └ <function wrap_app_handling_exceptions at 0x00000135E5C53740>
    |   File "C:\Users\Beast\Desktop\Work\projs\range_monitor_api\range_mon_2\cyber-range-monitor-v-2\backend\.venv\Lib\site-packages\starlette\_exception_handler.py", line 53, in wrapped_app
    |     raise exc
    |   File "C:\Users\Beast\Desktop\Work\projs\range_monitor_api\range_mon_2\cyber-range-monitor-v-2\backend\.venv\Lib\site-packages\starlette\_exception_handler.py", line 42, in wrapped_app
    |     await app(scope, receive, sender)
    |           │   │      │        └ <function wrap_app_handling_exceptions.<locals>.wrapped_app.<locals>.sender at 0x00000135E9945080>
    |           │   │      └ <function BaseHTTPMiddleware.__call__.<locals>.call_next.<locals>.receive_or_disconnect at 0x00000135E97FB060>
    |           │   └ {'type': 'http', 'asgi': {'version': '3.0', 'spec_version': '2.3'}, 'http_version': '1.1', 'server': ('127.0.0.1', 8000), 'cl...
    |           └ <function request_response.<locals>.app.<locals>.app at 0x00000135E9944FE0>
    |   File "C:\Users\Beast\Desktop\Work\projs\range_monitor_api\range_mon_2\cyber-range-monitor-v-2\backend\.venv\Lib\site-packages\starlette\routing.py", line 73, in app
    |     response = await f(request)
    |                      │ └ <starlette.requests.Request object at 0x00000135E993FCB0>
    |                      └ <function get_request_handler.<locals>.app at 0x00000135E9669DA0>
    |   File "C:\Users\Beast\Desktop\Work\projs\range_monitor_api\range_mon_2\cyber-range-monitor-v-2\backend\.venv\Lib\site-packages\fastapi\routing.py", line 301, in app
    |     raw_response = await run_endpoint_function(
    |                          └ <function run_endpoint_function at 0x00000135E5C53060>
    |   File "C:\Users\Beast\Desktop\Work\projs\range_monitor_api\range_mon_2\cyber-range-monitor-v-2\backend\.venv\Lib\site-packages\fastapi\routing.py", line 212, in run_endpoint_function
    |     return await dependant.call(**values)
    |                  │         │      └ {'user_service': <app.api.users.service.UserService object at 0x00000135E9A6B7D0>, 'reader': <User(id=1 username=admin role=a...
    |                  │         └ <function get_all_users at 0x00000135E90B2160>
    |                  └ Dependant(path_params=[], query_params=[], header_params=[], cookie_params=[], body_params=[], dependencies=[Dependant(path_p...
    |
    |   File "C:\Users\Beast\Desktop\Work\projs\range_monitor_api\range_mon_2\cyber-range-monitor-v-2\backend\app\api\users\router.py", line 74, in get_all_users
    |     response = await user_service.role_based_read_all(reader)
    |                      │            │                   └ <User(id=1 username=admin role=admin)>
    |                      │            └ <function UserService.role_based_read_all at 0x00000135E74689A0>
    |                      └ <app.api.users.service.UserService object at 0x00000135E9A6B7D0>
    |
    |   File "C:\Users\Beast\Desktop\Work\projs\range_monitor_api\range_mon_2\cyber-range-monitor-v-2\backend\app\api\users\service.py", line 176, in role_based_read_all
    |     readable_users = await self.models.select_all(
    |                            │    │      └ <function ModelRepository.select_all at 0x00000135E72D0680>
    |                            │    └ <app.common.repository.ModelRepository object at 0x00000135E9A6B6E0>
    |                            └ <app.api.users.service.UserService object at 0x00000135E9A6B7D0>
    |
    |   File "C:\Users\Beast\Desktop\Work\projs\range_monitor_api\range_mon_2\cyber-range-monitor-v-2\backend\app\common\repository.py", line 88, in select_all
    |     if predicate:
    |        └ <sqlalchemy.sql.elements.BinaryExpression object at 0x00000135E9806330>
    |
    |   File "C:\Users\Beast\Desktop\Work\projs\range_monitor_api\range_mon_2\cyber-range-monitor-v-2\backend\.venv\Lib\site-packages\sqlalchemy\sql\elements.py", line 3949, in __bool__
    |     raise TypeError("Boolean value of this clause is not defined")
    |
    | TypeError: Boolean value of this clause is not defined
    +------------------------------------


During handling of the above exception, another exception occurred:


Traceback (most recent call last):

  File "<string>", line 1, in <module>
  File "C:\Program Files\Python312\Lib\multiprocessing\spawn.py", line 122, in spawn_main
    exitcode = _main(fd, parent_sentinel)
               │     │   └ 364
               │     └ 3
               └ <function _main at 0x00000135E135ACA0>
  File "C:\Program Files\Python312\Lib\multiprocessing\spawn.py", line 135, in _main
    return self._bootstrap(parent_sentinel)
           │    │          └ 364
           │    └ <function BaseProcess._bootstrap at 0x00000135E124D260>
           └ <SpawnProcess name='SpawnProcess-1' parent=23796 started>
  File "C:\Program Files\Python312\Lib\multiprocessing\process.py", line 314, in _bootstrap
    self.run()
    │    └ <function BaseProcess.run at 0x00000135E124C7C0>
    └ <SpawnProcess name='SpawnProcess-1' parent=23796 started>
  File "C:\Program Files\Python312\Lib\multiprocessing\process.py", line 108, in run
    self._target(*self._args, **self._kwargs)
    │    │        │    │        │    └ {'config': <uvicorn.config.Config object at 0x00000135E13187D0>, 'target': <bound method Server.run of <uvicorn.server.Server...
    │    │        │    │        └ <SpawnProcess name='SpawnProcess-1' parent=23796 started>
    │    │        │    └ ()
    │    │        └ <SpawnProcess name='SpawnProcess-1' parent=23796 started>
    │    └ <function subprocess_started at 0x00000135E369AF20>
    └ <SpawnProcess name='SpawnProcess-1' parent=23796 started>
  File "C:\Users\Beast\Desktop\Work\projs\range_monitor_api\range_mon_2\cyber-range-monitor-v-2\backend\.venv\Lib\site-packages\uvicorn\_subprocess.py", line 80, in subprocess_started
    target(sockets=sockets)
    │              └ [<socket.socket fd=884, family=2, type=1, proto=6, laddr=('127.0.0.1', 8000)>]
    └ <bound method Server.run of <uvicorn.server.Server object at 0x00000135E3ACC2C0>>
  File "C:\Users\Beast\Desktop\Work\projs\range_monitor_api\range_mon_2\cyber-range-monitor-v-2\backend\.venv\Lib\site-packages\uvicorn\server.py", line 66, in run
    return asyncio.run(self.serve(sockets=sockets))
           │       │   │    │             └ [<socket.socket fd=884, family=2, type=1, proto=6, laddr=('127.0.0.1', 8000)>]
           │       │   │    └ <function Server.serve at 0x00000135E369A5C0>
           │       │   └ <uvicorn.server.Server object at 0x00000135E3ACC2C0>
           │       └ <function run at 0x00000135E2ED5EE0>
           └ <module 'asyncio' from 'C:\\Program Files\\Python312\\Lib\\asyncio\\__init__.py'>
  File "C:\Program Files\Python312\Lib\asyncio\runners.py", line 194, in run
    return runner.run(main)
           │      │   └ <coroutine object Server.serve at 0x00000135E3AD17E0>
           │      └ <function Runner.run at 0x00000135E2F819E0>
           └ <asyncio.runners.Runner object at 0x00000135E3ACF050>
  File "C:\Program Files\Python312\Lib\asyncio\runners.py", line 118, in run
    return self._loop.run_until_complete(task)
           │    │     │                  └ <Task pending name='Task-1' coro=<Server.serve() running at C:\Users\Beast\Desktop\Work\projs\range_monitor_api\range_mon_2\c...
           │    │     └ <function BaseEventLoop.run_until_complete at 0x00000135E2F7B600>
           │    └ <_WindowsSelectorEventLoop running=True closed=False debug=False>
           └ <asyncio.runners.Runner object at 0x00000135E3ACF050>
  File "C:\Program Files\Python312\Lib\asyncio\base_events.py", line 674, in run_until_complete
    self.run_forever()
    │    └ <function BaseEventLoop.run_forever at 0x00000135E2F7B560>
    └ <_WindowsSelectorEventLoop running=True closed=False debug=False>
  File "C:\Program Files\Python312\Lib\asyncio\base_events.py", line 641, in run_forever
    self._run_once()
    │    └ <function BaseEventLoop._run_once at 0x00000135E2F813A0>
    └ <_WindowsSelectorEventLoop running=True closed=False debug=False>
  File "C:\Program Files\Python312\Lib\asyncio\base_events.py", line 1986, in _run_once
    handle._run()
    │      └ <function Handle._run at 0x00000135E2EB7920>
    └ <Handle Task.task_wakeup(<Future finished result=None>)>
  File "C:\Program Files\Python312\Lib\asyncio\events.py", line 88, in _run
    self._context.run(self._callback, *self._args)
    │    │            │    │           │    └ <member '_args' of 'Handle' objects>
    │    │            │    │           └ <Handle Task.task_wakeup(<Future finished result=None>)>
    │    │            │    └ <member '_callback' of 'Handle' objects>
    │    │            └ <Handle Task.task_wakeup(<Future finished result=None>)>
    │    └ <member '_context' of 'Handle' objects>
    └ <Handle Task.task_wakeup(<Future finished result=None>)>
> File "C:\Users\Beast\Desktop\Work\projs\range_monitor_api\range_mon_2\cyber-range-monitor-v-2\backend\.venv\Lib\site-packages\uvicorn\protocols\http\httptools_impl.py", line 409, in run_asgi
    result = await app(  # type: ignore[func-returns-value]
                   └ <uvicorn.middleware.proxy_headers.ProxyHeadersMiddleware object at 0x00000135E3A98800>
  File "C:\Users\Beast\Desktop\Work\projs\range_monitor_api\range_mon_2\cyber-range-monitor-v-2\backend\.venv\Lib\site-packages\uvicorn\middleware\proxy_headers.py", line 60, in __call__
    return await self.app(scope, receive, send)
                 │    │   │      │        └ <bound method RequestResponseCycle.send of <uvicorn.protocols.http.httptools_impl.RequestResponseCycle object at 0x00000135E9...
                 │    │   │      └ <bound method RequestResponseCycle.receive of <uvicorn.protocols.http.httptools_impl.RequestResponseCycle object at 0x0000013...
                 │    │   └ {'type': 'http', 'asgi': {'version': '3.0', 'spec_version': '2.3'}, 'http_version': '1.1', 'server': ('127.0.0.1', 8000), 'cl...
                 │    └ <fastapi.applications.FastAPI object at 0x00000135E9408170>
                 └ <uvicorn.middleware.proxy_headers.ProxyHeadersMiddleware object at 0x00000135E3A98800>
  File "C:\Users\Beast\Desktop\Work\projs\range_monitor_api\range_mon_2\cyber-range-monitor-v-2\backend\.venv\Lib\site-packages\fastapi\applications.py", line 1055, in __call__
    await super().__call__(scope, receive, send)
                           │      │        └ <bound method RequestResponseCycle.send of <uvicorn.protocols.http.httptools_impl.RequestResponseCycle object at 0x00000135E9...
                           │      └ <bound method RequestResponseCycle.receive of <uvicorn.protocols.http.httptools_impl.RequestResponseCycle object at 0x0000013...
                           └ {'type': 'http', 'asgi': {'version': '3.0', 'spec_version': '2.3'}, 'http_version': '1.1', 'server': ('127.0.0.1', 8000), 'cl...
  File "C:\Users\Beast\Desktop\Work\projs\range_monitor_api\range_mon_2\cyber-range-monitor-v-2\backend\.venv\Lib\site-packages\starlette\applications.py", line 112, in __call__
    await self.middleware_stack(scope, receive, send)
          │    │                │      │        └ <bound method RequestResponseCycle.send of <uvicorn.protocols.http.httptools_impl.RequestResponseCycle object at 0x00000135E9...
          │    │                │      └ <bound method RequestResponseCycle.receive of <uvicorn.protocols.http.httptools_impl.RequestResponseCycle object at 0x0000013...
          │    │                └ {'type': 'http', 'asgi': {'version': '3.0', 'spec_version': '2.3'}, 'http_version': '1.1', 'server': ('127.0.0.1', 8000), 'cl...
          │    └ <starlette.middleware.errors.ServerErrorMiddleware object at 0x00000135E45C5C10>
          └ <fastapi.applications.FastAPI object at 0x00000135E9408170>
  File "C:\Users\Beast\Desktop\Work\projs\range_monitor_api\range_mon_2\cyber-range-monitor-v-2\backend\.venv\Lib\site-packages\starlette\middleware\errors.py", line 187, in __call__
    raise exc
  File "C:\Users\Beast\Desktop\Work\projs\range_monitor_api\range_mon_2\cyber-range-monitor-v-2\backend\.venv\Lib\site-packages\starlette\middleware\errors.py", line 165, in __call__
    await self.app(scope, receive, _send)
          │    │   │      │        └ <function ServerErrorMiddleware.__call__.<locals>._send at 0x00000135E9993600>
          │    │   │      └ <bound method RequestResponseCycle.receive of <uvicorn.protocols.http.httptools_impl.RequestResponseCycle object at 0x0000013...
          │    │   └ {'type': 'http', 'asgi': {'version': '3.0', 'spec_version': '2.3'}, 'http_version': '1.1', 'server': ('127.0.0.1', 8000), 'cl...
          │    └ <starlette.middleware.cors.CORSMiddleware object at 0x00000135E98A6180>
          └ <starlette.middleware.errors.ServerErrorMiddleware object at 0x00000135E45C5C10>
  File "C:\Users\Beast\Desktop\Work\projs\range_monitor_api\range_mon_2\cyber-range-monitor-v-2\backend\.venv\Lib\site-packages\starlette\middleware\cors.py", line 85, in __call__
    await self.app(scope, receive, send)
          │    │   │      │        └ <function ServerErrorMiddleware.__call__.<locals>._send at 0x00000135E9993600>
          │    │   │      └ <bound method RequestResponseCycle.receive of <uvicorn.protocols.http.httptools_impl.RequestResponseCycle object at 0x0000013...
          │    │   └ {'type': 'http', 'asgi': {'version': '3.0', 'spec_version': '2.3'}, 'http_version': '1.1', 'server': ('127.0.0.1', 8000), 'cl...
          │    └ <app.middleware.request_logger.RequestLoggingMiddleware object at 0x00000135E98A61B0>
          └ <starlette.middleware.cors.CORSMiddleware object at 0x00000135E98A6180>
  File "C:\Users\Beast\Desktop\Work\projs\range_monitor_api\range_mon_2\cyber-range-monitor-v-2\backend\.venv\Lib\site-packages\starlette\middleware\base.py", line 177, in __call__
    with recv_stream, send_stream, collapse_excgroups():
         │            │            └ <function collapse_excgroups at 0x00000135E4A1DB20>
         │            └ MemoryObjectSendStream(_state=MemoryObjectStreamState(max_buffer_size=0, buffer=deque([]), open_send_channels=0, open_receive...
         └ MemoryObjectReceiveStream(_state=MemoryObjectStreamState(max_buffer_size=0, buffer=deque([]), open_send_channels=0, open_rece...
  File "C:\Program Files\Python312\Lib\contextlib.py", line 158, in __exit__
    self.gen.throw(value)
    │    │   │     └ ExceptionGroup('unhandled errors in a TaskGroup', [TypeError('Boolean value of this clause is not defined')])
    │    │   └ <method 'throw' of 'generator' objects>
    │    └ <generator object collapse_excgroups at 0x00000135E73ED700>
    └ <contextlib._GeneratorContextManager object at 0x00000135E9A6B110>
  File "C:\Users\Beast\Desktop\Work\projs\range_monitor_api\range_mon_2\cyber-range-monitor-v-2\backend\.venv\Lib\site-packages\starlette\_utils.py", line 82, in collapse_excgroups
    raise exc
  File "C:\Users\Beast\Desktop\Work\projs\range_monitor_api\range_mon_2\cyber-range-monitor-v-2\backend\.venv\Lib\site-packages\starlette\middleware\base.py", line 179, in __call__
    response = await self.dispatch_func(request, call_next)
                     │    │             │        └ <function BaseHTTPMiddleware.__call__.<locals>.call_next at 0x00000135E9946200>
                     │    │             └ <starlette.middleware.base._CachedRequest object at 0x00000135E9A6BD40>
                     │    └ <function request_logging_middleware at 0x00000135E930B240>
                     └ <app.middleware.request_logger.RequestLoggingMiddleware object at 0x00000135E98A61B0>

  File "C:\Users\Beast\Desktop\Work\projs\range_monitor_api\range_mon_2\cyber-range-monitor-v-2\backend\app\middleware\request_logger.py", line 47, in request_logging_middleware
    response: Response = await call_next(request)
                               │         └ <starlette.middleware.base._CachedRequest object at 0x00000135E9A6BD40>
                               └ <function BaseHTTPMiddleware.__call__.<locals>.call_next at 0x00000135E9946200>

  File "C:\Users\Beast\Desktop\Work\projs\range_monitor_api\range_mon_2\cyber-range-monitor-v-2\backend\.venv\Lib\site-packages\starlette\middleware\base.py", line 154, in call_next
    raise app_exc
          └ TypeError('Boolean value of this clause is not defined')
  File "C:\Users\Beast\Desktop\Work\projs\range_monitor_api\range_mon_2\cyber-range-monitor-v-2\backend\.venv\Lib\site-packages\starlette\middleware\base.py", line 141, in coro
    await self.app(scope, receive_or_disconnect, send_no_error)
          │    │   │      │                      └ <function BaseHTTPMiddleware.__call__.<locals>.call_next.<locals>.send_no_error at 0x00000135E9945760>
          │    │   │      └ <function BaseHTTPMiddleware.__call__.<locals>.call_next.<locals>.receive_or_disconnect at 0x00000135E97FB060>
          │    │   └ {'type': 'http', 'asgi': {'version': '3.0', 'spec_version': '2.3'}, 'http_version': '1.1', 'server': ('127.0.0.1', 8000), 'cl...
          │    └ <starlette.middleware.exceptions.ExceptionMiddleware object at 0x00000135E9877F80>
          └ <app.middleware.request_logger.RequestLoggingMiddleware object at 0x00000135E98A61B0>
  File "C:\Users\Beast\Desktop\Work\projs\range_monitor_api\range_mon_2\cyber-range-monitor-v-2\backend\.venv\Lib\site-packages\starlette\middleware\exceptions.py", line 62, in __call__
    await wrap_app_handling_exceptions(self.app, conn)(scope, receive, send)
          │                            │    │    │     │      │        └ <function BaseHTTPMiddleware.__call__.<locals>.call_next.<locals>.send_no_error at 0x00000135E9945760>
          │                            │    │    │     │      └ <function BaseHTTPMiddleware.__call__.<locals>.call_next.<locals>.receive_or_disconnect at 0x00000135E97FB060>
          │                            │    │    │     └ {'type': 'http', 'asgi': {'version': '3.0', 'spec_version': '2.3'}, 'http_version': '1.1', 'server': ('127.0.0.1', 8000), 'cl...
          │                            │    │    └ <starlette.requests.Request object at 0x00000135E9975790>
          │                            │    └ <fastapi.routing.APIRouter object at 0x00000135E94C5610>
          │                            └ <starlette.middleware.exceptions.ExceptionMiddleware object at 0x00000135E9877F80>
          └ <function wrap_app_handling_exceptions at 0x00000135E5C53740>
  File "C:\Users\Beast\Desktop\Work\projs\range_monitor_api\range_mon_2\cyber-range-monitor-v-2\backend\.venv\Lib\site-packages\starlette\_exception_handler.py", line 53, in wrapped_app
    raise exc
  File "C:\Users\Beast\Desktop\Work\projs\range_monitor_api\range_mon_2\cyber-range-monitor-v-2\backend\.venv\Lib\site-packages\starlette\_exception_handler.py", line 42, in wrapped_app
    await app(scope, receive, sender)
          │   │      │        └ <function wrap_app_handling_exceptions.<locals>.wrapped_app.<locals>.sender at 0x00000135E99451C0>
          │   │      └ <function BaseHTTPMiddleware.__call__.<locals>.call_next.<locals>.receive_or_disconnect at 0x00000135E97FB060>
          │   └ {'type': 'http', 'asgi': {'version': '3.0', 'spec_version': '2.3'}, 'http_version': '1.1', 'server': ('127.0.0.1', 8000), 'cl...
          └ <fastapi.routing.APIRouter object at 0x00000135E94C5610>
  File "C:\Users\Beast\Desktop\Work\projs\range_monitor_api\range_mon_2\cyber-range-monitor-v-2\backend\.venv\Lib\site-packages\starlette\routing.py", line 715, in __call__
    await self.middleware_stack(scope, receive, send)
          │    │                │      │        └ <function wrap_app_handling_exceptions.<locals>.wrapped_app.<locals>.sender at 0x00000135E99451C0>
          │    │                │      └ <function BaseHTTPMiddleware.__call__.<locals>.call_next.<locals>.receive_or_disconnect at 0x00000135E97FB060>
          │    │                └ {'type': 'http', 'asgi': {'version': '3.0', 'spec_version': '2.3'}, 'http_version': '1.1', 'server': ('127.0.0.1', 8000), 'cl...
          │    └ <bound method Router.app of <fastapi.routing.APIRouter object at 0x00000135E94C5610>>
          └ <fastapi.routing.APIRouter object at 0x00000135E94C5610>
  File "C:\Users\Beast\Desktop\Work\projs\range_monitor_api\range_mon_2\cyber-range-monitor-v-2\backend\.venv\Lib\site-packages\starlette\routing.py", line 735, in app
    await route.handle(scope, receive, send)
          │     │      │      │        └ <function wrap_app_handling_exceptions.<locals>.wrapped_app.<locals>.sender at 0x00000135E99451C0>
          │     │      │      └ <function BaseHTTPMiddleware.__call__.<locals>.call_next.<locals>.receive_or_disconnect at 0x00000135E97FB060>
          │     │      └ {'type': 'http', 'asgi': {'version': '3.0', 'spec_version': '2.3'}, 'http_version': '1.1', 'server': ('127.0.0.1', 8000), 'cl...
          │     └ <function Route.handle at 0x00000135E5C7CC20>
          └ APIRoute(path='/api/users/', name='get_all_users', methods=['GET'])
  File "C:\Users\Beast\Desktop\Work\projs\range_monitor_api\range_mon_2\cyber-range-monitor-v-2\backend\.venv\Lib\site-packages\starlette\routing.py", line 288, in handle
    await self.app(scope, receive, send)
          │    │   │      │        └ <function wrap_app_handling_exceptions.<locals>.wrapped_app.<locals>.sender at 0x00000135E99451C0>
          │    │   │      └ <function BaseHTTPMiddleware.__call__.<locals>.call_next.<locals>.receive_or_disconnect at 0x00000135E97FB060>
          │    │   └ {'type': 'http', 'asgi': {'version': '3.0', 'spec_version': '2.3'}, 'http_version': '1.1', 'server': ('127.0.0.1', 8000), 'cl...
          │    └ <function request_response.<locals>.app at 0x00000135E9669BC0>
          └ APIRoute(path='/api/users/', name='get_all_users', methods=['GET'])
  File "C:\Users\Beast\Desktop\Work\projs\range_monitor_api\range_mon_2\cyber-range-monitor-v-2\backend\.venv\Lib\site-packages\starlette\routing.py", line 76, in app
    await wrap_app_handling_exceptions(app, request)(scope, receive, send)
          │                            │    │        │      │        └ <function wrap_app_handling_exceptions.<locals>.wrapped_app.<locals>.sender at 0x00000135E99451C0>
          │                            │    │        │      └ <function BaseHTTPMiddleware.__call__.<locals>.call_next.<locals>.receive_or_disconnect at 0x00000135E97FB060>
          │                            │    │        └ {'type': 'http', 'asgi': {'version': '3.0', 'spec_version': '2.3'}, 'http_version': '1.1', 'server': ('127.0.0.1', 8000), 'cl...
          │                            │    └ <starlette.requests.Request object at 0x00000135E993FCB0>
          │                            └ <function request_response.<locals>.app.<locals>.app at 0x00000135E9944FE0>
          └ <function wrap_app_handling_exceptions at 0x00000135E5C53740>
  File "C:\Users\Beast\Desktop\Work\projs\range_monitor_api\range_mon_2\cyber-range-monitor-v-2\backend\.venv\Lib\site-packages\starlette\_exception_handler.py", line 53, in wrapped_app
    raise exc
  File "C:\Users\Beast\Desktop\Work\projs\range_monitor_api\range_mon_2\cyber-range-monitor-v-2\backend\.venv\Lib\site-packages\starlette\_exception_handler.py", line 42, in wrapped_app
    await app(scope, receive, sender)
          │   │      │        └ <function wrap_app_handling_exceptions.<locals>.wrapped_app.<locals>.sender at 0x00000135E9945080>
          │   │      └ <function BaseHTTPMiddleware.__call__.<locals>.call_next.<locals>.receive_or_disconnect at 0x00000135E97FB060>
          │   └ {'type': 'http', 'asgi': {'version': '3.0', 'spec_version': '2.3'}, 'http_version': '1.1', 'server': ('127.0.0.1', 8000), 'cl...
          └ <function request_response.<locals>.app.<locals>.app at 0x00000135E9944FE0>
  File "C:\Users\Beast\Desktop\Work\projs\range_monitor_api\range_mon_2\cyber-range-monitor-v-2\backend\.venv\Lib\site-packages\starlette\routing.py", line 73, in app
    response = await f(request)
                     │ └ <starlette.requests.Request object at 0x00000135E993FCB0>
                     └ <function get_request_handler.<locals>.app at 0x00000135E9669DA0>
  File "C:\Users\Beast\Desktop\Work\projs\range_monitor_api\range_mon_2\cyber-range-monitor-v-2\backend\.venv\Lib\site-packages\fastapi\routing.py", line 301, in app
    raw_response = await run_endpoint_function(
                         └ <function run_endpoint_function at 0x00000135E5C53060>
  File "C:\Users\Beast\Desktop\Work\projs\range_monitor_api\range_mon_2\cyber-range-monitor-v-2\backend\.venv\Lib\site-packages\fastapi\routing.py", line 212, in run_endpoint_function
    return await dependant.call(**values)
                 │         │      └ {'user_service': <app.api.users.service.UserService object at 0x00000135E9A6B7D0>, 'reader': <User(id=1 username=admin role=a...
                 │         └ <function get_all_users at 0x00000135E90B2160>
                 └ Dependant(path_params=[], query_params=[], header_params=[], cookie_params=[], body_params=[], dependencies=[Dependant(path_p...

  File "C:\Users\Beast\Desktop\Work\projs\range_monitor_api\range_mon_2\cyber-range-monitor-v-2\backend\app\api\users\router.py", line 74, in get_all_users
    response = await user_service.role_based_read_all(reader)
                     │            │                   └ <User(id=1 username=admin role=admin)>
                     │            └ <function UserService.role_based_read_all at 0x00000135E74689A0>
                     └ <app.api.users.service.UserService object at 0x00000135E9A6B7D0>

  File "C:\Users\Beast\Desktop\Work\projs\range_monitor_api\range_mon_2\cyber-range-monitor-v-2\backend\app\api\users\service.py", line 176, in role_based_read_all
    readable_users = await self.models.select_all(
                           │    │      └ <function ModelRepository.select_all at 0x00000135E72D0680>
                           │    └ <app.common.repository.ModelRepository object at 0x00000135E9A6B6E0>
                           └ <app.api.users.service.UserService object at 0x00000135E9A6B7D0>

  File "C:\Users\Beast\Desktop\Work\projs\range_monitor_api\range_mon_2\cyber-range-monitor-v-2\backend\app\common\repository.py", line 88, in select_all
    if predicate:
       └ <sqlalchemy.sql.elements.BinaryExpression object at 0x00000135E9806330>

  File "C:\Users\Beast\Desktop\Work\projs\range_monitor_api\range_mon_2\cyber-range-monitor-v-2\backend\.venv\Lib\site-packages\sqlalchemy\sql\elements.py", line 3949, in __bool__
    raise TypeError("Boolean value of this clause is not defined")

TypeError: Boolean value of this clause is not defined
2025-05-14 15:15:48.852 | INFO     | uvicorn.server:shutdown:263 - Shutting down
2025-05-14 15:15:48.966 | INFO     | uvicorn.lifespan.on:shutdown:67 - Waiting for application shutdown.
2025-05-14 15:15:48.971 | INFO     | uvicorn.lifespan.on:shutdown:76 - Application shutdown complete.
2025-05-14 15:15:48.971 | INFO     | uvicorn.server:_serve:93 - Finished server process [20608]
2025-05-14 15:15:53.455 | INFO     | uvicorn.server:_serve:83 - Started server process [16096]
2025-05-14 15:15:53.456 | INFO     | uvicorn.lifespan.on:startup:48 - Waiting for application startup.
2025-05-14 15:15:53.585 | INFO     | uvicorn.lifespan.on:startup:62 - Application startup complete.
2025-05-14 15:15:56.382 | ERROR    | uvicorn.protocols.http.httptools_impl:run_asgi:414 - Exception in ASGI application

  + Exception Group Traceback (most recent call last):
  |
  |   File "C:\Users\Beast\Desktop\Work\projs\range_monitor_api\range_mon_2\cyber-range-monitor-v-2\backend\.venv\Lib\site-packages\starlette\_utils.py", line 76, in collapse_excgroups
  |     yield
  |   File "C:\Users\Beast\Desktop\Work\projs\range_monitor_api\range_mon_2\cyber-range-monitor-v-2\backend\.venv\Lib\site-packages\starlette\middleware\base.py", line 178, in __call__
  |     async with anyio.create_task_group() as task_group:
  |                │     │                      └ <anyio._backends._asyncio.TaskGroup object at 0x0000014EA869AE40>
  |                │     └ <function create_task_group at 0x0000014EA25425C0>
  |                └ <module 'anyio' from 'C:\\Users\\Beast\\Desktop\\Work\\projs\\range_monitor_api\\range_mon_2\\cyber-range-monitor-v-2\\backen...
  |   File "C:\Users\Beast\Desktop\Work\projs\range_monitor_api\range_mon_2\cyber-range-monitor-v-2\backend\.venv\Lib\site-packages\anyio\_backends\_asyncio.py", line 767, in __aexit__
  |     raise BaseExceptionGroup(
  |
  | ExceptionGroup: unhandled errors in a TaskGroup (1 sub-exception)
  +-+---------------- 1 ----------------
    | Traceback (most recent call last):
    |
    |   File "C:\Users\Beast\Desktop\Work\projs\range_monitor_api\range_mon_2\cyber-range-monitor-v-2\backend\.venv\Lib\site-packages\uvicorn\protocols\http\httptools_impl.py", line 409, in run_asgi
    |     result = await app(  # type: ignore[func-returns-value]
    |                    └ <uvicorn.middleware.proxy_headers.ProxyHeadersMiddleware object at 0x0000014EA2878800>
    |   File "C:\Users\Beast\Desktop\Work\projs\range_monitor_api\range_mon_2\cyber-range-monitor-v-2\backend\.venv\Lib\site-packages\uvicorn\middleware\proxy_headers.py", line 60, in __call__
    |     return await self.app(scope, receive, send)
    |                  │    │   │      │        └ <bound method RequestResponseCycle.send of <uvicorn.protocols.http.httptools_impl.RequestResponseCycle object at 0x0000014EA8...
    |                  │    │   │      └ <bound method RequestResponseCycle.receive of <uvicorn.protocols.http.httptools_impl.RequestResponseCycle object at 0x0000014...
    |                  │    │   └ {'type': 'http', 'asgi': {'version': '3.0', 'spec_version': '2.3'}, 'http_version': '1.1', 'server': ('127.0.0.1', 8000), 'cl...
    |                  │    └ <fastapi.applications.FastAPI object at 0x0000014EA81F83E0>
    |                  └ <uvicorn.middleware.proxy_headers.ProxyHeadersMiddleware object at 0x0000014EA2878800>
    |   File "C:\Users\Beast\Desktop\Work\projs\range_monitor_api\range_mon_2\cyber-range-monitor-v-2\backend\.venv\Lib\site-packages\fastapi\applications.py", line 1055, in __call__
    |     await super().__call__(scope, receive, send)
    |                            │      │        └ <bound method RequestResponseCycle.send of <uvicorn.protocols.http.httptools_impl.RequestResponseCycle object at 0x0000014EA8...
    |                            │      └ <bound method RequestResponseCycle.receive of <uvicorn.protocols.http.httptools_impl.RequestResponseCycle object at 0x0000014...
    |                            └ {'type': 'http', 'asgi': {'version': '3.0', 'spec_version': '2.3'}, 'http_version': '1.1', 'server': ('127.0.0.1', 8000), 'cl...
    |   File "C:\Users\Beast\Desktop\Work\projs\range_monitor_api\range_mon_2\cyber-range-monitor-v-2\backend\.venv\Lib\site-packages\starlette\applications.py", line 112, in __call__
    |     await self.middleware_stack(scope, receive, send)
    |           │    │                │      │        └ <bound method RequestResponseCycle.send of <uvicorn.protocols.http.httptools_impl.RequestResponseCycle object at 0x0000014EA8...
    |           │    │                │      └ <bound method RequestResponseCycle.receive of <uvicorn.protocols.http.httptools_impl.RequestResponseCycle object at 0x0000014...
    |           │    │                └ {'type': 'http', 'asgi': {'version': '3.0', 'spec_version': '2.3'}, 'http_version': '1.1', 'server': ('127.0.0.1', 8000), 'cl...
    |           │    └ <starlette.middleware.errors.ServerErrorMiddleware object at 0x0000014EA86416D0>
    |           └ <fastapi.applications.FastAPI object at 0x0000014EA81F83E0>
    |   File "C:\Users\Beast\Desktop\Work\projs\range_monitor_api\range_mon_2\cyber-range-monitor-v-2\backend\.venv\Lib\site-packages\starlette\middleware\errors.py", line 187, in __call__
    |     raise exc
    |   File "C:\Users\Beast\Desktop\Work\projs\range_monitor_api\range_mon_2\cyber-range-monitor-v-2\backend\.venv\Lib\site-packages\starlette\middleware\errors.py", line 165, in __call__
    |     await self.app(scope, receive, _send)
    |           │    │   │      │        └ <function ServerErrorMiddleware.__call__.<locals>._send at 0x0000014EA864E7A0>
    |           │    │   │      └ <bound method RequestResponseCycle.receive of <uvicorn.protocols.http.httptools_impl.RequestResponseCycle object at 0x0000014...
    |           │    │   └ {'type': 'http', 'asgi': {'version': '3.0', 'spec_version': '2.3'}, 'http_version': '1.1', 'server': ('127.0.0.1', 8000), 'cl...
    |           │    └ <starlette.middleware.cors.CORSMiddleware object at 0x0000014EA8641760>
    |           └ <starlette.middleware.errors.ServerErrorMiddleware object at 0x0000014EA86416D0>
    |   File "C:\Users\Beast\Desktop\Work\projs\range_monitor_api\range_mon_2\cyber-range-monitor-v-2\backend\.venv\Lib\site-packages\starlette\middleware\cors.py", line 85, in __call__
    |     await self.app(scope, receive, send)
    |           │    │   │      │        └ <function ServerErrorMiddleware.__call__.<locals>._send at 0x0000014EA864E7A0>
    |           │    │   │      └ <bound method RequestResponseCycle.receive of <uvicorn.protocols.http.httptools_impl.RequestResponseCycle object at 0x0000014...
    |           │    │   └ {'type': 'http', 'asgi': {'version': '3.0', 'spec_version': '2.3'}, 'http_version': '1.1', 'server': ('127.0.0.1', 8000), 'cl...
    |           │    └ <app.middleware.request_logger.RequestLoggingMiddleware object at 0x0000014EA7E54800>
    |           └ <starlette.middleware.cors.CORSMiddleware object at 0x0000014EA8641760>
    |   File "C:\Users\Beast\Desktop\Work\projs\range_monitor_api\range_mon_2\cyber-range-monitor-v-2\backend\.venv\Lib\site-packages\starlette\middleware\base.py", line 177, in __call__
    |     with recv_stream, send_stream, collapse_excgroups():
    |          │            │            └ <function collapse_excgroups at 0x0000014EA37FDB20>
    |          │            └ MemoryObjectSendStream(_state=MemoryObjectStreamState(max_buffer_size=0, buffer=deque([]), open_send_channels=0, open_receive...
    |          └ MemoryObjectReceiveStream(_state=MemoryObjectStreamState(max_buffer_size=0, buffer=deque([]), open_send_channels=0, open_rece...
    |   File "C:\Program Files\Python312\Lib\contextlib.py", line 158, in __exit__
    |     self.gen.throw(value)
    |     │    │   │     └ ExceptionGroup('unhandled errors in a TaskGroup', [TypeError('Boolean value of this clause is not defined')])
    |     │    │   └ <method 'throw' of 'generator' objects>
    |     │    └ <generator object collapse_excgroups at 0x0000014EA866A330>
    |     └ <contextlib._GeneratorContextManager object at 0x0000014EA869ADB0>
    |   File "C:\Users\Beast\Desktop\Work\projs\range_monitor_api\range_mon_2\cyber-range-monitor-v-2\backend\.venv\Lib\site-packages\starlette\_utils.py", line 82, in collapse_excgroups
    |     raise exc
    |   File "C:\Users\Beast\Desktop\Work\projs\range_monitor_api\range_mon_2\cyber-range-monitor-v-2\backend\.venv\Lib\site-packages\starlette\middleware\base.py", line 179, in __call__
    |     response = await self.dispatch_func(request, call_next)
    |                      │    │             │        └ <function BaseHTTPMiddleware.__call__.<locals>.call_next at 0x0000014EA864CC20>
    |                      │    │             └ <starlette.middleware.base._CachedRequest object at 0x0000014EA869A630>
    |                      │    └ <function request_logging_middleware at 0x0000014EA80FB240>
    |                      └ <app.middleware.request_logger.RequestLoggingMiddleware object at 0x0000014EA7E54800>
    |
    |   File "C:\Users\Beast\Desktop\Work\projs\range_monitor_api\range_mon_2\cyber-range-monitor-v-2\backend\app\middleware\request_logger.py", line 47, in request_logging_middleware
    |     response: Response = await call_next(request)
    |                                │         └ <starlette.middleware.base._CachedRequest object at 0x0000014EA869A630>
    |                                └ <function BaseHTTPMiddleware.__call__.<locals>.call_next at 0x0000014EA864CC20>
    |
    |   File "C:\Users\Beast\Desktop\Work\projs\range_monitor_api\range_mon_2\cyber-range-monitor-v-2\backend\.venv\Lib\site-packages\starlette\middleware\base.py", line 154, in call_next
    |     raise app_exc
    |           └ TypeError('Boolean value of this clause is not defined')
    |   File "C:\Users\Beast\Desktop\Work\projs\range_monitor_api\range_mon_2\cyber-range-monitor-v-2\backend\.venv\Lib\site-packages\starlette\middleware\base.py", line 141, in coro
    |     await self.app(scope, receive_or_disconnect, send_no_error)
    |           │    │   │      │                      └ <function BaseHTTPMiddleware.__call__.<locals>.call_next.<locals>.send_no_error at 0x0000014EA8731080>
    |           │    │   │      └ <function BaseHTTPMiddleware.__call__.<locals>.call_next.<locals>.receive_or_disconnect at 0x0000014EA8730FE0>
    |           │    │   └ {'type': 'http', 'asgi': {'version': '3.0', 'spec_version': '2.3'}, 'http_version': '1.1', 'server': ('127.0.0.1', 8000), 'cl...
    |           │    └ <starlette.middleware.exceptions.ExceptionMiddleware object at 0x0000014EA8641790>
    |           └ <app.middleware.request_logger.RequestLoggingMiddleware object at 0x0000014EA7E54800>
    |   File "C:\Users\Beast\Desktop\Work\projs\range_monitor_api\range_mon_2\cyber-range-monitor-v-2\backend\.venv\Lib\site-packages\starlette\middleware\exceptions.py", line 62, in __call__
    |     await wrap_app_handling_exceptions(self.app, conn)(scope, receive, send)
    |           │                            │    │    │     │      │        └ <function BaseHTTPMiddleware.__call__.<locals>.call_next.<locals>.send_no_error at 0x0000014EA8731080>
    |           │                            │    │    │     │      └ <function BaseHTTPMiddleware.__call__.<locals>.call_next.<locals>.receive_or_disconnect at 0x0000014EA8730FE0>
    |           │                            │    │    │     └ {'type': 'http', 'asgi': {'version': '3.0', 'spec_version': '2.3'}, 'http_version': '1.1', 'server': ('127.0.0.1', 8000), 'cl...
    |           │                            │    │    └ <starlette.requests.Request object at 0x0000014EA869A090>
    |           │                            │    └ <fastapi.routing.APIRouter object at 0x0000014EA33A5CD0>
    |           │                            └ <starlette.middleware.exceptions.ExceptionMiddleware object at 0x0000014EA8641790>
    |           └ <function wrap_app_handling_exceptions at 0x0000014EA4A33740>
    |   File "C:\Users\Beast\Desktop\Work\projs\range_monitor_api\range_mon_2\cyber-range-monitor-v-2\backend\.venv\Lib\site-packages\starlette\_exception_handler.py", line 53, in wrapped_app
    |     raise exc
    |   File "C:\Users\Beast\Desktop\Work\projs\range_monitor_api\range_mon_2\cyber-range-monitor-v-2\backend\.venv\Lib\site-packages\starlette\_exception_handler.py", line 42, in wrapped_app
    |     await app(scope, receive, sender)
    |           │   │      │        └ <function wrap_app_handling_exceptions.<locals>.wrapped_app.<locals>.sender at 0x0000014EA8731260>
    |           │   │      └ <function BaseHTTPMiddleware.__call__.<locals>.call_next.<locals>.receive_or_disconnect at 0x0000014EA8730FE0>
    |           │   └ {'type': 'http', 'asgi': {'version': '3.0', 'spec_version': '2.3'}, 'http_version': '1.1', 'server': ('127.0.0.1', 8000), 'cl...
    |           └ <fastapi.routing.APIRouter object at 0x0000014EA33A5CD0>
    |   File "C:\Users\Beast\Desktop\Work\projs\range_monitor_api\range_mon_2\cyber-range-monitor-v-2\backend\.venv\Lib\site-packages\starlette\routing.py", line 715, in __call__
    |     await self.middleware_stack(scope, receive, send)
    |           │    │                │      │        └ <function wrap_app_handling_exceptions.<locals>.wrapped_app.<locals>.sender at 0x0000014EA8731260>
    |           │    │                │      └ <function BaseHTTPMiddleware.__call__.<locals>.call_next.<locals>.receive_or_disconnect at 0x0000014EA8730FE0>
    |           │    │                └ {'type': 'http', 'asgi': {'version': '3.0', 'spec_version': '2.3'}, 'http_version': '1.1', 'server': ('127.0.0.1', 8000), 'cl...
    |           │    └ <bound method Router.app of <fastapi.routing.APIRouter object at 0x0000014EA33A5CD0>>
    |           └ <fastapi.routing.APIRouter object at 0x0000014EA33A5CD0>
    |   File "C:\Users\Beast\Desktop\Work\projs\range_monitor_api\range_mon_2\cyber-range-monitor-v-2\backend\.venv\Lib\site-packages\starlette\routing.py", line 735, in app
    |     await route.handle(scope, receive, send)
    |           │     │      │      │        └ <function wrap_app_handling_exceptions.<locals>.wrapped_app.<locals>.sender at 0x0000014EA8731260>
    |           │     │      │      └ <function BaseHTTPMiddleware.__call__.<locals>.call_next.<locals>.receive_or_disconnect at 0x0000014EA8730FE0>
    |           │     │      └ {'type': 'http', 'asgi': {'version': '3.0', 'spec_version': '2.3'}, 'http_version': '1.1', 'server': ('127.0.0.1', 8000), 'cl...
    |           │     └ <function Route.handle at 0x0000014EA4A5CC20>
    |           └ APIRoute(path='/api/users/', name='get_all_users', methods=['GET'])
    |   File "C:\Users\Beast\Desktop\Work\projs\range_monitor_api\range_mon_2\cyber-range-monitor-v-2\backend\.venv\Lib\site-packages\starlette\routing.py", line 288, in handle
    |     await self.app(scope, receive, send)
    |           │    │   │      │        └ <function wrap_app_handling_exceptions.<locals>.wrapped_app.<locals>.sender at 0x0000014EA8731260>
    |           │    │   │      └ <function BaseHTTPMiddleware.__call__.<locals>.call_next.<locals>.receive_or_disconnect at 0x0000014EA8730FE0>
    |           │    │   └ {'type': 'http', 'asgi': {'version': '3.0', 'spec_version': '2.3'}, 'http_version': '1.1', 'server': ('127.0.0.1', 8000), 'cl...
    |           │    └ <function request_response.<locals>.app at 0x0000014EA8459BC0>
    |           └ APIRoute(path='/api/users/', name='get_all_users', methods=['GET'])
    |   File "C:\Users\Beast\Desktop\Work\projs\range_monitor_api\range_mon_2\cyber-range-monitor-v-2\backend\.venv\Lib\site-packages\starlette\routing.py", line 76, in app
    |     await wrap_app_handling_exceptions(app, request)(scope, receive, send)
    |           │                            │    │        │      │        └ <function wrap_app_handling_exceptions.<locals>.wrapped_app.<locals>.sender at 0x0000014EA8731260>
    |           │                            │    │        │      └ <function BaseHTTPMiddleware.__call__.<locals>.call_next.<locals>.receive_or_disconnect at 0x0000014EA8730FE0>
    |           │                            │    │        └ {'type': 'http', 'asgi': {'version': '3.0', 'spec_version': '2.3'}, 'http_version': '1.1', 'server': ('127.0.0.1', 8000), 'cl...
    |           │                            │    └ <starlette.requests.Request object at 0x0000014EA86CBCB0>
    |           │                            └ <function request_response.<locals>.app.<locals>.app at 0x0000014EA8731300>
    |           └ <function wrap_app_handling_exceptions at 0x0000014EA4A33740>
    |   File "C:\Users\Beast\Desktop\Work\projs\range_monitor_api\range_mon_2\cyber-range-monitor-v-2\backend\.venv\Lib\site-packages\starlette\_exception_handler.py", line 53, in wrapped_app
    |     raise exc
    |   File "C:\Users\Beast\Desktop\Work\projs\range_monitor_api\range_mon_2\cyber-range-monitor-v-2\backend\.venv\Lib\site-packages\starlette\_exception_handler.py", line 42, in wrapped_app
    |     await app(scope, receive, sender)
    |           │   │      │        └ <function wrap_app_handling_exceptions.<locals>.wrapped_app.<locals>.sender at 0x0000014EA8731440>
    |           │   │      └ <function BaseHTTPMiddleware.__call__.<locals>.call_next.<locals>.receive_or_disconnect at 0x0000014EA8730FE0>
    |           │   └ {'type': 'http', 'asgi': {'version': '3.0', 'spec_version': '2.3'}, 'http_version': '1.1', 'server': ('127.0.0.1', 8000), 'cl...
    |           └ <function request_response.<locals>.app.<locals>.app at 0x0000014EA8731300>
    |   File "C:\Users\Beast\Desktop\Work\projs\range_monitor_api\range_mon_2\cyber-range-monitor-v-2\backend\.venv\Lib\site-packages\starlette\routing.py", line 73, in app
    |     response = await f(request)
    |                      │ └ <starlette.requests.Request object at 0x0000014EA86CBCB0>
    |                      └ <function get_request_handler.<locals>.app at 0x0000014EA8459DA0>
    |   File "C:\Users\Beast\Desktop\Work\projs\range_monitor_api\range_mon_2\cyber-range-monitor-v-2\backend\.venv\Lib\site-packages\fastapi\routing.py", line 301, in app
    |     raw_response = await run_endpoint_function(
    |                          └ <function run_endpoint_function at 0x0000014EA4A33060>
    |   File "C:\Users\Beast\Desktop\Work\projs\range_monitor_api\range_mon_2\cyber-range-monitor-v-2\backend\.venv\Lib\site-packages\fastapi\routing.py", line 212, in run_endpoint_function
    |     return await dependant.call(**values)
    |                  │         │      └ {'user_service': <app.api.users.service.UserService object at 0x0000014EA86CBF50>, 'reader': <User(id=1 username=admin role=a...
    |                  │         └ <function get_all_users at 0x0000014EA7EA6160>
    |                  └ Dependant(path_params=[], query_params=[], header_params=[], cookie_params=[], body_params=[], dependencies=[Dependant(path_p...
    |
    |   File "C:\Users\Beast\Desktop\Work\projs\range_monitor_api\range_mon_2\cyber-range-monitor-v-2\backend\app\api\users\router.py", line 74, in get_all_users
    |     response = await user_service.role_based_read_all(reader)
    |                      │            │                   └ <User(id=1 username=admin role=admin)>
    |                      │            └ <function UserService.role_based_read_all at 0x0000014EA62189A0>
    |                      └ <app.api.users.service.UserService object at 0x0000014EA86CBF50>
    |
    |   File "C:\Users\Beast\Desktop\Work\projs\range_monitor_api\range_mon_2\cyber-range-monitor-v-2\backend\app\api\users\service.py", line 176, in role_based_read_all
    |     readable_users = await self.models.select_all(
    |                            │    │      └ <function ModelRepository.select_all at 0x0000014EA6090680>
    |                            │    └ <app.common.repository.ModelRepository object at 0x0000014EA81F8590>
    |                            └ <app.api.users.service.UserService object at 0x0000014EA86CBF50>
    |
    |   File "C:\Users\Beast\Desktop\Work\projs\range_monitor_api\range_mon_2\cyber-range-monitor-v-2\backend\app\common\repository.py", line 88, in select_all
    |     if predicate:
    |        └ <sqlalchemy.sql.elements.BinaryExpression object at 0x0000014EA7BDA4E0>
    |
    |   File "C:\Users\Beast\Desktop\Work\projs\range_monitor_api\range_mon_2\cyber-range-monitor-v-2\backend\.venv\Lib\site-packages\sqlalchemy\sql\elements.py", line 3949, in __bool__
    |     raise TypeError("Boolean value of this clause is not defined")
    |
    | TypeError: Boolean value of this clause is not defined
    +------------------------------------


During handling of the above exception, another exception occurred:


Traceback (most recent call last):

  File "<string>", line 1, in <module>
  File "C:\Program Files\Python312\Lib\multiprocessing\spawn.py", line 122, in spawn_main
    exitcode = _main(fd, parent_sentinel)
               │     │   └ 344
               │     └ 3
               └ <function _main at 0x0000014EA00CACA0>
  File "C:\Program Files\Python312\Lib\multiprocessing\spawn.py", line 135, in _main
    return self._bootstrap(parent_sentinel)
           │    │          └ 344
           │    └ <function BaseProcess._bootstrap at 0x0000014E9FFBD260>
           └ <SpawnProcess name='SpawnProcess-2' parent=23796 started>
  File "C:\Program Files\Python312\Lib\multiprocessing\process.py", line 314, in _bootstrap
    self.run()
    │    └ <function BaseProcess.run at 0x0000014E9FFBC7C0>
    └ <SpawnProcess name='SpawnProcess-2' parent=23796 started>
  File "C:\Program Files\Python312\Lib\multiprocessing\process.py", line 108, in run
    self._target(*self._args, **self._kwargs)
    │    │        │    │        │    └ {'config': <uvicorn.config.Config object at 0x0000014EA00887D0>, 'target': <bound method Server.run of <uvicorn.server.Server...
    │    │        │    │        └ <SpawnProcess name='SpawnProcess-2' parent=23796 started>
    │    │        │    └ ()
    │    │        └ <SpawnProcess name='SpawnProcess-2' parent=23796 started>
    │    └ <function subprocess_started at 0x0000014EA247AF20>
    └ <SpawnProcess name='SpawnProcess-2' parent=23796 started>
  File "C:\Users\Beast\Desktop\Work\projs\range_monitor_api\range_mon_2\cyber-range-monitor-v-2\backend\.venv\Lib\site-packages\uvicorn\_subprocess.py", line 80, in subprocess_started
    target(sockets=sockets)
    │              └ [<socket.socket fd=488, family=2, type=1, proto=6, laddr=('127.0.0.1', 8000)>]
    └ <bound method Server.run of <uvicorn.server.Server object at 0x0000014EA28AC290>>
  File "C:\Users\Beast\Desktop\Work\projs\range_monitor_api\range_mon_2\cyber-range-monitor-v-2\backend\.venv\Lib\site-packages\uvicorn\server.py", line 66, in run
    return asyncio.run(self.serve(sockets=sockets))
           │       │   │    │             └ [<socket.socket fd=488, family=2, type=1, proto=6, laddr=('127.0.0.1', 8000)>]
           │       │   │    └ <function Server.serve at 0x0000014EA247A5C0>
           │       │   └ <uvicorn.server.Server object at 0x0000014EA28AC290>
           │       └ <function run at 0x0000014EA1CB5EE0>
           └ <module 'asyncio' from 'C:\\Program Files\\Python312\\Lib\\asyncio\\__init__.py'>
  File "C:\Program Files\Python312\Lib\asyncio\runners.py", line 194, in run
    return runner.run(main)
           │      │   └ <coroutine object Server.serve at 0x0000014EA28B17E0>
           │      └ <function Runner.run at 0x0000014EA1D619E0>
           └ <asyncio.runners.Runner object at 0x0000014EA28AEFF0>
  File "C:\Program Files\Python312\Lib\asyncio\runners.py", line 118, in run
    return self._loop.run_until_complete(task)
           │    │     │                  └ <Task pending name='Task-1' coro=<Server.serve() running at C:\Users\Beast\Desktop\Work\projs\range_monitor_api\range_mon_2\c...
           │    │     └ <function BaseEventLoop.run_until_complete at 0x0000014EA1D5B600>
           │    └ <_WindowsSelectorEventLoop running=True closed=False debug=False>
           └ <asyncio.runners.Runner object at 0x0000014EA28AEFF0>
  File "C:\Program Files\Python312\Lib\asyncio\base_events.py", line 674, in run_until_complete
    self.run_forever()
    │    └ <function BaseEventLoop.run_forever at 0x0000014EA1D5B560>
    └ <_WindowsSelectorEventLoop running=True closed=False debug=False>
  File "C:\Program Files\Python312\Lib\asyncio\base_events.py", line 641, in run_forever
    self._run_once()
    │    └ <function BaseEventLoop._run_once at 0x0000014EA1D613A0>
    └ <_WindowsSelectorEventLoop running=True closed=False debug=False>
  File "C:\Program Files\Python312\Lib\asyncio\base_events.py", line 1986, in _run_once
    handle._run()
    │      └ <function Handle._run at 0x0000014EA1C97920>
    └ <Handle Task.task_wakeup(<Future finished result=None>)>
  File "C:\Program Files\Python312\Lib\asyncio\events.py", line 88, in _run
    self._context.run(self._callback, *self._args)
    │    │            │    │           │    └ <member '_args' of 'Handle' objects>
    │    │            │    │           └ <Handle Task.task_wakeup(<Future finished result=None>)>
    │    │            │    └ <member '_callback' of 'Handle' objects>
    │    │            └ <Handle Task.task_wakeup(<Future finished result=None>)>
    │    └ <member '_context' of 'Handle' objects>
    └ <Handle Task.task_wakeup(<Future finished result=None>)>
> File "C:\Users\Beast\Desktop\Work\projs\range_monitor_api\range_mon_2\cyber-range-monitor-v-2\backend\.venv\Lib\site-packages\uvicorn\protocols\http\httptools_impl.py", line 409, in run_asgi
    result = await app(  # type: ignore[func-returns-value]
                   └ <uvicorn.middleware.proxy_headers.ProxyHeadersMiddleware object at 0x0000014EA2878800>
  File "C:\Users\Beast\Desktop\Work\projs\range_monitor_api\range_mon_2\cyber-range-monitor-v-2\backend\.venv\Lib\site-packages\uvicorn\middleware\proxy_headers.py", line 60, in __call__
    return await self.app(scope, receive, send)
                 │    │   │      │        └ <bound method RequestResponseCycle.send of <uvicorn.protocols.http.httptools_impl.RequestResponseCycle object at 0x0000014EA8...
                 │    │   │      └ <bound method RequestResponseCycle.receive of <uvicorn.protocols.http.httptools_impl.RequestResponseCycle object at 0x0000014...
                 │    │   └ {'type': 'http', 'asgi': {'version': '3.0', 'spec_version': '2.3'}, 'http_version': '1.1', 'server': ('127.0.0.1', 8000), 'cl...
                 │    └ <fastapi.applications.FastAPI object at 0x0000014EA81F83E0>
                 └ <uvicorn.middleware.proxy_headers.ProxyHeadersMiddleware object at 0x0000014EA2878800>
  File "C:\Users\Beast\Desktop\Work\projs\range_monitor_api\range_mon_2\cyber-range-monitor-v-2\backend\.venv\Lib\site-packages\fastapi\applications.py", line 1055, in __call__
    await super().__call__(scope, receive, send)
                           │      │        └ <bound method RequestResponseCycle.send of <uvicorn.protocols.http.httptools_impl.RequestResponseCycle object at 0x0000014EA8...
                           │      └ <bound method RequestResponseCycle.receive of <uvicorn.protocols.http.httptools_impl.RequestResponseCycle object at 0x0000014...
                           └ {'type': 'http', 'asgi': {'version': '3.0', 'spec_version': '2.3'}, 'http_version': '1.1', 'server': ('127.0.0.1', 8000), 'cl...
  File "C:\Users\Beast\Desktop\Work\projs\range_monitor_api\range_mon_2\cyber-range-monitor-v-2\backend\.venv\Lib\site-packages\starlette\applications.py", line 112, in __call__
    await self.middleware_stack(scope, receive, send)
          │    │                │      │        └ <bound method RequestResponseCycle.send of <uvicorn.protocols.http.httptools_impl.RequestResponseCycle object at 0x0000014EA8...
          │    │                │      └ <bound method RequestResponseCycle.receive of <uvicorn.protocols.http.httptools_impl.RequestResponseCycle object at 0x0000014...
          │    │                └ {'type': 'http', 'asgi': {'version': '3.0', 'spec_version': '2.3'}, 'http_version': '1.1', 'server': ('127.0.0.1', 8000), 'cl...
          │    └ <starlette.middleware.errors.ServerErrorMiddleware object at 0x0000014EA86416D0>
          └ <fastapi.applications.FastAPI object at 0x0000014EA81F83E0>
  File "C:\Users\Beast\Desktop\Work\projs\range_monitor_api\range_mon_2\cyber-range-monitor-v-2\backend\.venv\Lib\site-packages\starlette\middleware\errors.py", line 187, in __call__
    raise exc
  File "C:\Users\Beast\Desktop\Work\projs\range_monitor_api\range_mon_2\cyber-range-monitor-v-2\backend\.venv\Lib\site-packages\starlette\middleware\errors.py", line 165, in __call__
    await self.app(scope, receive, _send)
          │    │   │      │        └ <function ServerErrorMiddleware.__call__.<locals>._send at 0x0000014EA864E7A0>
          │    │   │      └ <bound method RequestResponseCycle.receive of <uvicorn.protocols.http.httptools_impl.RequestResponseCycle object at 0x0000014...
          │    │   └ {'type': 'http', 'asgi': {'version': '3.0', 'spec_version': '2.3'}, 'http_version': '1.1', 'server': ('127.0.0.1', 8000), 'cl...
          │    └ <starlette.middleware.cors.CORSMiddleware object at 0x0000014EA8641760>
          └ <starlette.middleware.errors.ServerErrorMiddleware object at 0x0000014EA86416D0>
  File "C:\Users\Beast\Desktop\Work\projs\range_monitor_api\range_mon_2\cyber-range-monitor-v-2\backend\.venv\Lib\site-packages\starlette\middleware\cors.py", line 85, in __call__
    await self.app(scope, receive, send)
          │    │   │      │        └ <function ServerErrorMiddleware.__call__.<locals>._send at 0x0000014EA864E7A0>
          │    │   │      └ <bound method RequestResponseCycle.receive of <uvicorn.protocols.http.httptools_impl.RequestResponseCycle object at 0x0000014...
          │    │   └ {'type': 'http', 'asgi': {'version': '3.0', 'spec_version': '2.3'}, 'http_version': '1.1', 'server': ('127.0.0.1', 8000), 'cl...
          │    └ <app.middleware.request_logger.RequestLoggingMiddleware object at 0x0000014EA7E54800>
          └ <starlette.middleware.cors.CORSMiddleware object at 0x0000014EA8641760>
  File "C:\Users\Beast\Desktop\Work\projs\range_monitor_api\range_mon_2\cyber-range-monitor-v-2\backend\.venv\Lib\site-packages\starlette\middleware\base.py", line 177, in __call__
    with recv_stream, send_stream, collapse_excgroups():
         │            │            └ <function collapse_excgroups at 0x0000014EA37FDB20>
         │            └ MemoryObjectSendStream(_state=MemoryObjectStreamState(max_buffer_size=0, buffer=deque([]), open_send_channels=0, open_receive...
         └ MemoryObjectReceiveStream(_state=MemoryObjectStreamState(max_buffer_size=0, buffer=deque([]), open_send_channels=0, open_rece...
  File "C:\Program Files\Python312\Lib\contextlib.py", line 158, in __exit__
    self.gen.throw(value)
    │    │   │     └ ExceptionGroup('unhandled errors in a TaskGroup', [TypeError('Boolean value of this clause is not defined')])
    │    │   └ <method 'throw' of 'generator' objects>
    │    └ <generator object collapse_excgroups at 0x0000014EA866A330>
    └ <contextlib._GeneratorContextManager object at 0x0000014EA869ADB0>
  File "C:\Users\Beast\Desktop\Work\projs\range_monitor_api\range_mon_2\cyber-range-monitor-v-2\backend\.venv\Lib\site-packages\starlette\_utils.py", line 82, in collapse_excgroups
    raise exc
  File "C:\Users\Beast\Desktop\Work\projs\range_monitor_api\range_mon_2\cyber-range-monitor-v-2\backend\.venv\Lib\site-packages\starlette\middleware\base.py", line 179, in __call__
    response = await self.dispatch_func(request, call_next)
                     │    │             │        └ <function BaseHTTPMiddleware.__call__.<locals>.call_next at 0x0000014EA864CC20>
                     │    │             └ <starlette.middleware.base._CachedRequest object at 0x0000014EA869A630>
                     │    └ <function request_logging_middleware at 0x0000014EA80FB240>
                     └ <app.middleware.request_logger.RequestLoggingMiddleware object at 0x0000014EA7E54800>

  File "C:\Users\Beast\Desktop\Work\projs\range_monitor_api\range_mon_2\cyber-range-monitor-v-2\backend\app\middleware\request_logger.py", line 47, in request_logging_middleware
    response: Response = await call_next(request)
                               │         └ <starlette.middleware.base._CachedRequest object at 0x0000014EA869A630>
                               └ <function BaseHTTPMiddleware.__call__.<locals>.call_next at 0x0000014EA864CC20>

  File "C:\Users\Beast\Desktop\Work\projs\range_monitor_api\range_mon_2\cyber-range-monitor-v-2\backend\.venv\Lib\site-packages\starlette\middleware\base.py", line 154, in call_next
    raise app_exc
          └ TypeError('Boolean value of this clause is not defined')
  File "C:\Users\Beast\Desktop\Work\projs\range_monitor_api\range_mon_2\cyber-range-monitor-v-2\backend\.venv\Lib\site-packages\starlette\middleware\base.py", line 141, in coro
    await self.app(scope, receive_or_disconnect, send_no_error)
          │    │   │      │                      └ <function BaseHTTPMiddleware.__call__.<locals>.call_next.<locals>.send_no_error at 0x0000014EA8731080>
          │    │   │      └ <function BaseHTTPMiddleware.__call__.<locals>.call_next.<locals>.receive_or_disconnect at 0x0000014EA8730FE0>
          │    │   └ {'type': 'http', 'asgi': {'version': '3.0', 'spec_version': '2.3'}, 'http_version': '1.1', 'server': ('127.0.0.1', 8000), 'cl...
          │    └ <starlette.middleware.exceptions.ExceptionMiddleware object at 0x0000014EA8641790>
          └ <app.middleware.request_logger.RequestLoggingMiddleware object at 0x0000014EA7E54800>
  File "C:\Users\Beast\Desktop\Work\projs\range_monitor_api\range_mon_2\cyber-range-monitor-v-2\backend\.venv\Lib\site-packages\starlette\middleware\exceptions.py", line 62, in __call__
    await wrap_app_handling_exceptions(self.app, conn)(scope, receive, send)
          │                            │    │    │     │      │        └ <function BaseHTTPMiddleware.__call__.<locals>.call_next.<locals>.send_no_error at 0x0000014EA8731080>
          │                            │    │    │     │      └ <function BaseHTTPMiddleware.__call__.<locals>.call_next.<locals>.receive_or_disconnect at 0x0000014EA8730FE0>
          │                            │    │    │     └ {'type': 'http', 'asgi': {'version': '3.0', 'spec_version': '2.3'}, 'http_version': '1.1', 'server': ('127.0.0.1', 8000), 'cl...
          │                            │    │    └ <starlette.requests.Request object at 0x0000014EA869A090>
          │                            │    └ <fastapi.routing.APIRouter object at 0x0000014EA33A5CD0>
          │                            └ <starlette.middleware.exceptions.ExceptionMiddleware object at 0x0000014EA8641790>
          └ <function wrap_app_handling_exceptions at 0x0000014EA4A33740>
  File "C:\Users\Beast\Desktop\Work\projs\range_monitor_api\range_mon_2\cyber-range-monitor-v-2\backend\.venv\Lib\site-packages\starlette\_exception_handler.py", line 53, in wrapped_app
    raise exc
  File "C:\Users\Beast\Desktop\Work\projs\range_monitor_api\range_mon_2\cyber-range-monitor-v-2\backend\.venv\Lib\site-packages\starlette\_exception_handler.py", line 42, in wrapped_app
    await app(scope, receive, sender)
          │   │      │        └ <function wrap_app_handling_exceptions.<locals>.wrapped_app.<locals>.sender at 0x0000014EA8731260>
          │   │      └ <function BaseHTTPMiddleware.__call__.<locals>.call_next.<locals>.receive_or_disconnect at 0x0000014EA8730FE0>
          │   └ {'type': 'http', 'asgi': {'version': '3.0', 'spec_version': '2.3'}, 'http_version': '1.1', 'server': ('127.0.0.1', 8000), 'cl...
          └ <fastapi.routing.APIRouter object at 0x0000014EA33A5CD0>
  File "C:\Users\Beast\Desktop\Work\projs\range_monitor_api\range_mon_2\cyber-range-monitor-v-2\backend\.venv\Lib\site-packages\starlette\routing.py", line 715, in __call__
    await self.middleware_stack(scope, receive, send)
          │    │                │      │        └ <function wrap_app_handling_exceptions.<locals>.wrapped_app.<locals>.sender at 0x0000014EA8731260>
          │    │                │      └ <function BaseHTTPMiddleware.__call__.<locals>.call_next.<locals>.receive_or_disconnect at 0x0000014EA8730FE0>
          │    │                └ {'type': 'http', 'asgi': {'version': '3.0', 'spec_version': '2.3'}, 'http_version': '1.1', 'server': ('127.0.0.1', 8000), 'cl...
          │    └ <bound method Router.app of <fastapi.routing.APIRouter object at 0x0000014EA33A5CD0>>
          └ <fastapi.routing.APIRouter object at 0x0000014EA33A5CD0>
  File "C:\Users\Beast\Desktop\Work\projs\range_monitor_api\range_mon_2\cyber-range-monitor-v-2\backend\.venv\Lib\site-packages\starlette\routing.py", line 735, in app
    await route.handle(scope, receive, send)
          │     │      │      │        └ <function wrap_app_handling_exceptions.<locals>.wrapped_app.<locals>.sender at 0x0000014EA8731260>
          │     │      │      └ <function BaseHTTPMiddleware.__call__.<locals>.call_next.<locals>.receive_or_disconnect at 0x0000014EA8730FE0>
          │     │      └ {'type': 'http', 'asgi': {'version': '3.0', 'spec_version': '2.3'}, 'http_version': '1.1', 'server': ('127.0.0.1', 8000), 'cl...
          │     └ <function Route.handle at 0x0000014EA4A5CC20>
          └ APIRoute(path='/api/users/', name='get_all_users', methods=['GET'])
  File "C:\Users\Beast\Desktop\Work\projs\range_monitor_api\range_mon_2\cyber-range-monitor-v-2\backend\.venv\Lib\site-packages\starlette\routing.py", line 288, in handle
    await self.app(scope, receive, send)
          │    │   │      │        └ <function wrap_app_handling_exceptions.<locals>.wrapped_app.<locals>.sender at 0x0000014EA8731260>
          │    │   │      └ <function BaseHTTPMiddleware.__call__.<locals>.call_next.<locals>.receive_or_disconnect at 0x0000014EA8730FE0>
          │    │   └ {'type': 'http', 'asgi': {'version': '3.0', 'spec_version': '2.3'}, 'http_version': '1.1', 'server': ('127.0.0.1', 8000), 'cl...
          │    └ <function request_response.<locals>.app at 0x0000014EA8459BC0>
          └ APIRoute(path='/api/users/', name='get_all_users', methods=['GET'])
  File "C:\Users\Beast\Desktop\Work\projs\range_monitor_api\range_mon_2\cyber-range-monitor-v-2\backend\.venv\Lib\site-packages\starlette\routing.py", line 76, in app
    await wrap_app_handling_exceptions(app, request)(scope, receive, send)
          │                            │    │        │      │        └ <function wrap_app_handling_exceptions.<locals>.wrapped_app.<locals>.sender at 0x0000014EA8731260>
          │                            │    │        │      └ <function BaseHTTPMiddleware.__call__.<locals>.call_next.<locals>.receive_or_disconnect at 0x0000014EA8730FE0>
          │                            │    │        └ {'type': 'http', 'asgi': {'version': '3.0', 'spec_version': '2.3'}, 'http_version': '1.1', 'server': ('127.0.0.1', 8000), 'cl...
          │                            │    └ <starlette.requests.Request object at 0x0000014EA86CBCB0>
          │                            └ <function request_response.<locals>.app.<locals>.app at 0x0000014EA8731300>
          └ <function wrap_app_handling_exceptions at 0x0000014EA4A33740>
  File "C:\Users\Beast\Desktop\Work\projs\range_monitor_api\range_mon_2\cyber-range-monitor-v-2\backend\.venv\Lib\site-packages\starlette\_exception_handler.py", line 53, in wrapped_app
    raise exc
  File "C:\Users\Beast\Desktop\Work\projs\range_monitor_api\range_mon_2\cyber-range-monitor-v-2\backend\.venv\Lib\site-packages\starlette\_exception_handler.py", line 42, in wrapped_app
    await app(scope, receive, sender)
          │   │      │        └ <function wrap_app_handling_exceptions.<locals>.wrapped_app.<locals>.sender at 0x0000014EA8731440>
          │   │      └ <function BaseHTTPMiddleware.__call__.<locals>.call_next.<locals>.receive_or_disconnect at 0x0000014EA8730FE0>
          │   └ {'type': 'http', 'asgi': {'version': '3.0', 'spec_version': '2.3'}, 'http_version': '1.1', 'server': ('127.0.0.1', 8000), 'cl...
          └ <function request_response.<locals>.app.<locals>.app at 0x0000014EA8731300>
  File "C:\Users\Beast\Desktop\Work\projs\range_monitor_api\range_mon_2\cyber-range-monitor-v-2\backend\.venv\Lib\site-packages\starlette\routing.py", line 73, in app
    response = await f(request)
                     │ └ <starlette.requests.Request object at 0x0000014EA86CBCB0>
                     └ <function get_request_handler.<locals>.app at 0x0000014EA8459DA0>
  File "C:\Users\Beast\Desktop\Work\projs\range_monitor_api\range_mon_2\cyber-range-monitor-v-2\backend\.venv\Lib\site-packages\fastapi\routing.py", line 301, in app
    raw_response = await run_endpoint_function(
                         └ <function run_endpoint_function at 0x0000014EA4A33060>
  File "C:\Users\Beast\Desktop\Work\projs\range_monitor_api\range_mon_2\cyber-range-monitor-v-2\backend\.venv\Lib\site-packages\fastapi\routing.py", line 212, in run_endpoint_function
    return await dependant.call(**values)
                 │         │      └ {'user_service': <app.api.users.service.UserService object at 0x0000014EA86CBF50>, 'reader': <User(id=1 username=admin role=a...
                 │         └ <function get_all_users at 0x0000014EA7EA6160>
                 └ Dependant(path_params=[], query_params=[], header_params=[], cookie_params=[], body_params=[], dependencies=[Dependant(path_p...

  File "C:\Users\Beast\Desktop\Work\projs\range_monitor_api\range_mon_2\cyber-range-monitor-v-2\backend\app\api\users\router.py", line 74, in get_all_users
    response = await user_service.role_based_read_all(reader)
                     │            │                   └ <User(id=1 username=admin role=admin)>
                     │            └ <function UserService.role_based_read_all at 0x0000014EA62189A0>
                     └ <app.api.users.service.UserService object at 0x0000014EA86CBF50>

  File "C:\Users\Beast\Desktop\Work\projs\range_monitor_api\range_mon_2\cyber-range-monitor-v-2\backend\app\api\users\service.py", line 176, in role_based_read_all
    readable_users = await self.models.select_all(
                           │    │      └ <function ModelRepository.select_all at 0x0000014EA6090680>
                           │    └ <app.common.repository.ModelRepository object at 0x0000014EA81F8590>
                           └ <app.api.users.service.UserService object at 0x0000014EA86CBF50>

  File "C:\Users\Beast\Desktop\Work\projs\range_monitor_api\range_mon_2\cyber-range-monitor-v-2\backend\app\common\repository.py", line 88, in select_all
    if predicate:
       └ <sqlalchemy.sql.elements.BinaryExpression object at 0x0000014EA7BDA4E0>

  File "C:\Users\Beast\Desktop\Work\projs\range_monitor_api\range_mon_2\cyber-range-monitor-v-2\backend\.venv\Lib\site-packages\sqlalchemy\sql\elements.py", line 3949, in __bool__
    raise TypeError("Boolean value of this clause is not defined")

TypeError: Boolean value of this clause is not defined
2025-05-14 15:18:16.708 | INFO     | uvicorn.server:shutdown:263 - Shutting down
2025-05-14 15:18:16.811 | INFO     | uvicorn.lifespan.on:shutdown:67 - Waiting for application shutdown.
2025-05-14 15:18:16.815 | INFO     | uvicorn.lifespan.on:shutdown:76 - Application shutdown complete.
2025-05-14 15:18:16.815 | INFO     | uvicorn.server:_serve:93 - Finished server process [16096]
2025-05-14 15:18:22.062 | INFO     | uvicorn.server:_serve:83 - Started server process [20188]
2025-05-14 15:18:22.062 | INFO     | uvicorn.lifespan.on:startup:48 - Waiting for application startup.
2025-05-14 15:18:22.163 | INFO     | uvicorn.lifespan.on:startup:62 - Application startup complete.
2025-05-14 15:18:46.625 | INFO     | uvicorn.server:shutdown:263 - Shutting down
2025-05-14 15:18:46.743 | INFO     | uvicorn.lifespan.on:shutdown:67 - Waiting for application shutdown.
2025-05-14 15:18:46.762 | INFO     | uvicorn.lifespan.on:shutdown:76 - Application shutdown complete.
2025-05-14 15:18:46.767 | INFO     | uvicorn.server:_serve:93 - Finished server process [20188]
2025-05-14 15:18:53.277 | INFO     | uvicorn.server:_serve:83 - Started server process [24480]
2025-05-14 15:18:53.278 | INFO     | uvicorn.lifespan.on:startup:48 - Waiting for application startup.
2025-05-14 15:18:53.313 | INFO     | uvicorn.lifespan.on:startup:62 - Application startup complete.
2025-05-14 15:19:01.098 | ERROR    | uvicorn.protocols.http.httptools_impl:run_asgi:414 - Exception in ASGI application

  + Exception Group Traceback (most recent call last):
  |
  |   File "C:\Users\Beast\Desktop\Work\projs\range_monitor_api\range_mon_2\cyber-range-monitor-v-2\backend\.venv\Lib\site-packages\starlette\_utils.py", line 76, in collapse_excgroups
  |     yield
  |   File "C:\Users\Beast\Desktop\Work\projs\range_monitor_api\range_mon_2\cyber-range-monitor-v-2\backend\.venv\Lib\site-packages\starlette\middleware\base.py", line 178, in __call__
  |     async with anyio.create_task_group() as task_group:
  |                │     │                      └ <anyio._backends._asyncio.TaskGroup object at 0x000001FC19C93590>
  |                │     └ <function create_task_group at 0x000001FC13B425C0>
  |                └ <module 'anyio' from 'C:\\Users\\Beast\\Desktop\\Work\\projs\\range_monitor_api\\range_mon_2\\cyber-range-monitor-v-2\\backen...
  |   File "C:\Users\Beast\Desktop\Work\projs\range_monitor_api\range_mon_2\cyber-range-monitor-v-2\backend\.venv\Lib\site-packages\anyio\_backends\_asyncio.py", line 767, in __aexit__
  |     raise BaseExceptionGroup(
  |
  | ExceptionGroup: unhandled errors in a TaskGroup (1 sub-exception)
  +-+---------------- 1 ----------------
    | Traceback (most recent call last):
    |
    |   File "C:\Users\Beast\Desktop\Work\projs\range_monitor_api\range_mon_2\cyber-range-monitor-v-2\backend\.venv\Lib\site-packages\uvicorn\protocols\http\httptools_impl.py", line 409, in run_asgi
    |     result = await app(  # type: ignore[func-returns-value]
    |                    └ <uvicorn.middleware.proxy_headers.ProxyHeadersMiddleware object at 0x000001FC13403B60>
    |   File "C:\Users\Beast\Desktop\Work\projs\range_monitor_api\range_mon_2\cyber-range-monitor-v-2\backend\.venv\Lib\site-packages\uvicorn\middleware\proxy_headers.py", line 60, in __call__
    |     return await self.app(scope, receive, send)
    |                  │    │   │      │        └ <bound method RequestResponseCycle.send of <uvicorn.protocols.http.httptools_impl.RequestResponseCycle object at 0x000001FC19...
    |                  │    │   │      └ <bound method RequestResponseCycle.receive of <uvicorn.protocols.http.httptools_impl.RequestResponseCycle object at 0x000001F...
    |                  │    │   └ {'type': 'http', 'asgi': {'version': '3.0', 'spec_version': '2.3'}, 'http_version': '1.1', 'server': ('127.0.0.1', 8000), 'cl...
    |                  │    └ <fastapi.applications.FastAPI object at 0x000001FC17498260>
    |                  └ <uvicorn.middleware.proxy_headers.ProxyHeadersMiddleware object at 0x000001FC13403B60>
    |   File "C:\Users\Beast\Desktop\Work\projs\range_monitor_api\range_mon_2\cyber-range-monitor-v-2\backend\.venv\Lib\site-packages\fastapi\applications.py", line 1055, in __call__
    |     await super().__call__(scope, receive, send)
    |                            │      │        └ <bound method RequestResponseCycle.send of <uvicorn.protocols.http.httptools_impl.RequestResponseCycle object at 0x000001FC19...
    |                            │      └ <bound method RequestResponseCycle.receive of <uvicorn.protocols.http.httptools_impl.RequestResponseCycle object at 0x000001F...
    |                            └ {'type': 'http', 'asgi': {'version': '3.0', 'spec_version': '2.3'}, 'http_version': '1.1', 'server': ('127.0.0.1', 8000), 'cl...
    |   File "C:\Users\Beast\Desktop\Work\projs\range_monitor_api\range_mon_2\cyber-range-monitor-v-2\backend\.venv\Lib\site-packages\starlette\applications.py", line 112, in __call__
    |     await self.middleware_stack(scope, receive, send)
    |           │    │                │      │        └ <bound method RequestResponseCycle.send of <uvicorn.protocols.http.httptools_impl.RequestResponseCycle object at 0x000001FC19...
    |           │    │                │      └ <bound method RequestResponseCycle.receive of <uvicorn.protocols.http.httptools_impl.RequestResponseCycle object at 0x000001F...
    |           │    │                └ {'type': 'http', 'asgi': {'version': '3.0', 'spec_version': '2.3'}, 'http_version': '1.1', 'server': ('127.0.0.1', 8000), 'cl...
    |           │    └ <starlette.middleware.errors.ServerErrorMiddleware object at 0x000001FC19AFF3B0>
    |           └ <fastapi.applications.FastAPI object at 0x000001FC17498260>
    |   File "C:\Users\Beast\Desktop\Work\projs\range_monitor_api\range_mon_2\cyber-range-monitor-v-2\backend\.venv\Lib\site-packages\starlette\middleware\errors.py", line 187, in __call__
    |     raise exc
    |   File "C:\Users\Beast\Desktop\Work\projs\range_monitor_api\range_mon_2\cyber-range-monitor-v-2\backend\.venv\Lib\site-packages\starlette\middleware\errors.py", line 165, in __call__
    |     await self.app(scope, receive, _send)
    |           │    │   │      │        └ <function ServerErrorMiddleware.__call__.<locals>._send at 0x000001FC19BEBF60>
    |           │    │   │      └ <bound method RequestResponseCycle.receive of <uvicorn.protocols.http.httptools_impl.RequestResponseCycle object at 0x000001F...
    |           │    │   └ {'type': 'http', 'asgi': {'version': '3.0', 'spec_version': '2.3'}, 'http_version': '1.1', 'server': ('127.0.0.1', 8000), 'cl...
    |           │    └ <starlette.middleware.cors.CORSMiddleware object at 0x000001FC19AFF530>
    |           └ <starlette.middleware.errors.ServerErrorMiddleware object at 0x000001FC19AFF3B0>
    |   File "C:\Users\Beast\Desktop\Work\projs\range_monitor_api\range_mon_2\cyber-range-monitor-v-2\backend\.venv\Lib\site-packages\starlette\middleware\cors.py", line 85, in __call__
    |     await self.app(scope, receive, send)
    |           │    │   │      │        └ <function ServerErrorMiddleware.__call__.<locals>._send at 0x000001FC19BEBF60>
    |           │    │   │      └ <bound method RequestResponseCycle.receive of <uvicorn.protocols.http.httptools_impl.RequestResponseCycle object at 0x000001F...
    |           │    │   └ {'type': 'http', 'asgi': {'version': '3.0', 'spec_version': '2.3'}, 'http_version': '1.1', 'server': ('127.0.0.1', 8000), 'cl...
    |           │    └ <app.middleware.request_logger.RequestLoggingMiddleware object at 0x000001FC197E37A0>
    |           └ <starlette.middleware.cors.CORSMiddleware object at 0x000001FC19AFF530>
    |   File "C:\Users\Beast\Desktop\Work\projs\range_monitor_api\range_mon_2\cyber-range-monitor-v-2\backend\.venv\Lib\site-packages\starlette\middleware\base.py", line 177, in __call__
    |     with recv_stream, send_stream, collapse_excgroups():
    |          │            │            └ <function collapse_excgroups at 0x000001FC14D8DB20>
    |          │            └ MemoryObjectSendStream(_state=MemoryObjectStreamState(max_buffer_size=0, buffer=deque([]), open_send_channels=0, open_receive...
    |          └ MemoryObjectReceiveStream(_state=MemoryObjectStreamState(max_buffer_size=0, buffer=deque([]), open_send_channels=0, open_rece...
    |   File "C:\Program Files\Python312\Lib\contextlib.py", line 158, in __exit__
    |     self.gen.throw(value)
    |     │    │   │     └ ExceptionGroup('unhandled errors in a TaskGroup', [TypeError('Boolean value of this clause is not defined')])
    |     │    │   └ <method 'throw' of 'generator' objects>
    |     │    └ <generator object collapse_excgroups at 0x000001FC19C6E330>
    |     └ <contextlib._GeneratorContextManager object at 0x000001FC19C93500>
    |   File "C:\Users\Beast\Desktop\Work\projs\range_monitor_api\range_mon_2\cyber-range-monitor-v-2\backend\.venv\Lib\site-packages\starlette\_utils.py", line 82, in collapse_excgroups
    |     raise exc
    |   File "C:\Users\Beast\Desktop\Work\projs\range_monitor_api\range_mon_2\cyber-range-monitor-v-2\backend\.venv\Lib\site-packages\starlette\middleware\base.py", line 179, in __call__
    |     response = await self.dispatch_func(request, call_next)
    |                      │    │             │        └ <function BaseHTTPMiddleware.__call__.<locals>.call_next at 0x000001FC19BEB1A0>
    |                      │    │             └ <starlette.middleware.base._CachedRequest object at 0x000001FC19C92E40>
    |                      │    └ <function request_logging_middleware at 0x000001FC19713CE0>
    |                      └ <app.middleware.request_logger.RequestLoggingMiddleware object at 0x000001FC197E37A0>
    |
    |   File "C:\Users\Beast\Desktop\Work\projs\range_monitor_api\range_mon_2\cyber-range-monitor-v-2\backend\app\middleware\request_logger.py", line 47, in request_logging_middleware
    |     response: Response = await call_next(request)
    |                                │         └ <starlette.middleware.base._CachedRequest object at 0x000001FC19C92E40>
    |                                └ <function BaseHTTPMiddleware.__call__.<locals>.call_next at 0x000001FC19BEB1A0>
    |
    |   File "C:\Users\Beast\Desktop\Work\projs\range_monitor_api\range_mon_2\cyber-range-monitor-v-2\backend\.venv\Lib\site-packages\starlette\middleware\base.py", line 154, in call_next
    |     raise app_exc
    |           └ TypeError('Boolean value of this clause is not defined')
    |   File "C:\Users\Beast\Desktop\Work\projs\range_monitor_api\range_mon_2\cyber-range-monitor-v-2\backend\.venv\Lib\site-packages\starlette\middleware\base.py", line 141, in coro
    |     await self.app(scope, receive_or_disconnect, send_no_error)
    |           │    │   │      │                      └ <function BaseHTTPMiddleware.__call__.<locals>.call_next.<locals>.send_no_error at 0x000001FC19D011C0>
    |           │    │   │      └ <function BaseHTTPMiddleware.__call__.<locals>.call_next.<locals>.receive_or_disconnect at 0x000001FC19D01120>
    |           │    │   └ {'type': 'http', 'asgi': {'version': '3.0', 'spec_version': '2.3'}, 'http_version': '1.1', 'server': ('127.0.0.1', 8000), 'cl...
    |           │    └ <starlette.middleware.exceptions.ExceptionMiddleware object at 0x000001FC19AFF560>
    |           └ <app.middleware.request_logger.RequestLoggingMiddleware object at 0x000001FC197E37A0>
    |   File "C:\Users\Beast\Desktop\Work\projs\range_monitor_api\range_mon_2\cyber-range-monitor-v-2\backend\.venv\Lib\site-packages\starlette\middleware\exceptions.py", line 62, in __call__
    |     await wrap_app_handling_exceptions(self.app, conn)(scope, receive, send)
    |           │                            │    │    │     │      │        └ <function BaseHTTPMiddleware.__call__.<locals>.call_next.<locals>.send_no_error at 0x000001FC19D011C0>
    |           │                            │    │    │     │      └ <function BaseHTTPMiddleware.__call__.<locals>.call_next.<locals>.receive_or_disconnect at 0x000001FC19D01120>
    |           │                            │    │    │     └ {'type': 'http', 'asgi': {'version': '3.0', 'spec_version': '2.3'}, 'http_version': '1.1', 'server': ('127.0.0.1', 8000), 'cl...
    |           │                            │    │    └ <starlette.requests.Request object at 0x000001FC19C92BD0>
    |           │                            │    └ <fastapi.routing.APIRouter object at 0x000001FC13EAF2F0>
    |           │                            └ <starlette.middleware.exceptions.ExceptionMiddleware object at 0x000001FC19AFF560>
    |           └ <function wrap_app_handling_exceptions at 0x000001FC15FC3740>
    |   File "C:\Users\Beast\Desktop\Work\projs\range_monitor_api\range_mon_2\cyber-range-monitor-v-2\backend\.venv\Lib\site-packages\starlette\_exception_handler.py", line 53, in wrapped_app
    |     raise exc
    |   File "C:\Users\Beast\Desktop\Work\projs\range_monitor_api\range_mon_2\cyber-range-monitor-v-2\backend\.venv\Lib\site-packages\starlette\_exception_handler.py", line 42, in wrapped_app
    |     await app(scope, receive, sender)
    |           │   │      │        └ <function wrap_app_handling_exceptions.<locals>.wrapped_app.<locals>.sender at 0x000001FC19D013A0>
    |           │   │      └ <function BaseHTTPMiddleware.__call__.<locals>.call_next.<locals>.receive_or_disconnect at 0x000001FC19D01120>
    |           │   └ {'type': 'http', 'asgi': {'version': '3.0', 'spec_version': '2.3'}, 'http_version': '1.1', 'server': ('127.0.0.1', 8000), 'cl...
    |           └ <fastapi.routing.APIRouter object at 0x000001FC13EAF2F0>
    |   File "C:\Users\Beast\Desktop\Work\projs\range_monitor_api\range_mon_2\cyber-range-monitor-v-2\backend\.venv\Lib\site-packages\starlette\routing.py", line 715, in __call__
    |     await self.middleware_stack(scope, receive, send)
    |           │    │                │      │        └ <function wrap_app_handling_exceptions.<locals>.wrapped_app.<locals>.sender at 0x000001FC19D013A0>
    |           │    │                │      └ <function BaseHTTPMiddleware.__call__.<locals>.call_next.<locals>.receive_or_disconnect at 0x000001FC19D01120>
    |           │    │                └ {'type': 'http', 'asgi': {'version': '3.0', 'spec_version': '2.3'}, 'http_version': '1.1', 'server': ('127.0.0.1', 8000), 'cl...
    |           │    └ <bound method Router.app of <fastapi.routing.APIRouter object at 0x000001FC13EAF2F0>>
    |           └ <fastapi.routing.APIRouter object at 0x000001FC13EAF2F0>
    |   File "C:\Users\Beast\Desktop\Work\projs\range_monitor_api\range_mon_2\cyber-range-monitor-v-2\backend\.venv\Lib\site-packages\starlette\routing.py", line 735, in app
    |     await route.handle(scope, receive, send)
    |           │     │      │      │        └ <function wrap_app_handling_exceptions.<locals>.wrapped_app.<locals>.sender at 0x000001FC19D013A0>
    |           │     │      │      └ <function BaseHTTPMiddleware.__call__.<locals>.call_next.<locals>.receive_or_disconnect at 0x000001FC19D01120>
    |           │     │      └ {'type': 'http', 'asgi': {'version': '3.0', 'spec_version': '2.3'}, 'http_version': '1.1', 'server': ('127.0.0.1', 8000), 'cl...
    |           │     └ <function Route.handle at 0x000001FC15FECC20>
    |           └ APIRoute(path='/api/users/', name='get_all_users', methods=['GET'])
    |   File "C:\Users\Beast\Desktop\Work\projs\range_monitor_api\range_mon_2\cyber-range-monitor-v-2\backend\.venv\Lib\site-packages\starlette\routing.py", line 288, in handle
    |     await self.app(scope, receive, send)
    |           │    │   │      │        └ <function wrap_app_handling_exceptions.<locals>.wrapped_app.<locals>.sender at 0x000001FC19D013A0>
    |           │    │   │      └ <function BaseHTTPMiddleware.__call__.<locals>.call_next.<locals>.receive_or_disconnect at 0x000001FC19D01120>
    |           │    │   └ {'type': 'http', 'asgi': {'version': '3.0', 'spec_version': '2.3'}, 'http_version': '1.1', 'server': ('127.0.0.1', 8000), 'cl...
    |           │    └ <function request_response.<locals>.app at 0x000001FC19A55C60>
    |           └ APIRoute(path='/api/users/', name='get_all_users', methods=['GET'])
    |   File "C:\Users\Beast\Desktop\Work\projs\range_monitor_api\range_mon_2\cyber-range-monitor-v-2\backend\.venv\Lib\site-packages\starlette\routing.py", line 76, in app
    |     await wrap_app_handling_exceptions(app, request)(scope, receive, send)
    |           │                            │    │        │      │        └ <function wrap_app_handling_exceptions.<locals>.wrapped_app.<locals>.sender at 0x000001FC19D013A0>
    |           │                            │    │        │      └ <function BaseHTTPMiddleware.__call__.<locals>.call_next.<locals>.receive_or_disconnect at 0x000001FC19D01120>
    |           │                            │    │        └ {'type': 'http', 'asgi': {'version': '3.0', 'spec_version': '2.3'}, 'http_version': '1.1', 'server': ('127.0.0.1', 8000), 'cl...
    |           │                            │    └ <starlette.requests.Request object at 0x000001FC19D04440>
    |           │                            └ <function request_response.<locals>.app.<locals>.app at 0x000001FC19D01440>
    |           └ <function wrap_app_handling_exceptions at 0x000001FC15FC3740>
    |   File "C:\Users\Beast\Desktop\Work\projs\range_monitor_api\range_mon_2\cyber-range-monitor-v-2\backend\.venv\Lib\site-packages\starlette\_exception_handler.py", line 53, in wrapped_app
    |     raise exc
    |   File "C:\Users\Beast\Desktop\Work\projs\range_monitor_api\range_mon_2\cyber-range-monitor-v-2\backend\.venv\Lib\site-packages\starlette\_exception_handler.py", line 42, in wrapped_app
    |     await app(scope, receive, sender)
    |           │   │      │        └ <function wrap_app_handling_exceptions.<locals>.wrapped_app.<locals>.sender at 0x000001FC19D01580>
    |           │   │      └ <function BaseHTTPMiddleware.__call__.<locals>.call_next.<locals>.receive_or_disconnect at 0x000001FC19D01120>
    |           │   └ {'type': 'http', 'asgi': {'version': '3.0', 'spec_version': '2.3'}, 'http_version': '1.1', 'server': ('127.0.0.1', 8000), 'cl...
    |           └ <function request_response.<locals>.app.<locals>.app at 0x000001FC19D01440>
    |   File "C:\Users\Beast\Desktop\Work\projs\range_monitor_api\range_mon_2\cyber-range-monitor-v-2\backend\.venv\Lib\site-packages\starlette\routing.py", line 73, in app
    |     response = await f(request)
    |                      │ └ <starlette.requests.Request object at 0x000001FC19D04440>
    |                      └ <function get_request_handler.<locals>.app at 0x000001FC19A55E40>
    |   File "C:\Users\Beast\Desktop\Work\projs\range_monitor_api\range_mon_2\cyber-range-monitor-v-2\backend\.venv\Lib\site-packages\fastapi\routing.py", line 301, in app
    |     raw_response = await run_endpoint_function(
    |                          └ <function run_endpoint_function at 0x000001FC15FC3060>
    |   File "C:\Users\Beast\Desktop\Work\projs\range_monitor_api\range_mon_2\cyber-range-monitor-v-2\backend\.venv\Lib\site-packages\fastapi\routing.py", line 212, in run_endpoint_function
    |     return await dependant.call(**values)
    |                  │         │      └ {'user_service': <app.api.users.service.UserService object at 0x000001FC18F98920>, 'reader': <User(id=1 username=admin role=a...
    |                  │         └ <function get_all_users at 0x000001FC194BE2A0>
    |                  └ Dependant(path_params=[], query_params=[], header_params=[], cookie_params=[], body_params=[], dependencies=[Dependant(path_p...
    |
    |   File "C:\Users\Beast\Desktop\Work\projs\range_monitor_api\range_mon_2\cyber-range-monitor-v-2\backend\app\api\users\router.py", line 74, in get_all_users
    |     response = await user_service.role_based_read_all(reader)
    |                      │            │                   └ <User(id=1 username=admin role=admin)>
    |                      │            └ <function UserService.role_based_read_all at 0x000001FC178A8AE0>
    |                      └ <app.api.users.service.UserService object at 0x000001FC18F98920>
    |
    |   File "C:\Users\Beast\Desktop\Work\projs\range_monitor_api\range_mon_2\cyber-range-monitor-v-2\backend\app\api\users\service.py", line 176, in role_based_read_all
    |     readable_users = await self.models.select_all(
    |                            │    │      └ <function ModelRepository.select_all at 0x000001FC177107C0>
    |                            │    └ <app.common.repository.ModelRepository object at 0x000001FC19921850>
    |                            └ <app.api.users.service.UserService object at 0x000001FC18F98920>
    |
    |   File "C:\Users\Beast\Desktop\Work\projs\range_monitor_api\range_mon_2\cyber-range-monitor-v-2\backend\app\common\repository.py", line 88, in select_all
    |     if predicate:
    |        └ <sqlalchemy.sql.elements.BinaryExpression object at 0x000001FC19A43FB0>
    |
    |   File "C:\Users\Beast\Desktop\Work\projs\range_monitor_api\range_mon_2\cyber-range-monitor-v-2\backend\.venv\Lib\site-packages\sqlalchemy\sql\elements.py", line 3949, in __bool__
    |     raise TypeError("Boolean value of this clause is not defined")
    |
    | TypeError: Boolean value of this clause is not defined
    +------------------------------------


During handling of the above exception, another exception occurred:


Traceback (most recent call last):

  File "<string>", line 1, in <module>
  File "C:\Program Files\Python312\Lib\multiprocessing\spawn.py", line 122, in spawn_main
    exitcode = _main(fd, parent_sentinel)
               │     │   └ 356
               │     └ 3
               └ <function _main at 0x000001FC1160ACA0>
  File "C:\Program Files\Python312\Lib\multiprocessing\spawn.py", line 135, in _main
    return self._bootstrap(parent_sentinel)
           │    │          └ 356
           │    └ <function BaseProcess._bootstrap at 0x000001FC114FD260>
           └ <SpawnProcess name='SpawnProcess-5' parent=23796 started>
  File "C:\Program Files\Python312\Lib\multiprocessing\process.py", line 314, in _bootstrap
    self.run()
    │    └ <function BaseProcess.run at 0x000001FC114FC7C0>
    └ <SpawnProcess name='SpawnProcess-5' parent=23796 started>
  File "C:\Program Files\Python312\Lib\multiprocessing\process.py", line 108, in run
    self._target(*self._args, **self._kwargs)
    │    │        │    │        │    └ {'config': <uvicorn.config.Config object at 0x000001FC115C87D0>, 'target': <bound method Server.run of <uvicorn.server.Server...
    │    │        │    │        └ <SpawnProcess name='SpawnProcess-5' parent=23796 started>
    │    │        │    └ ()
    │    │        └ <SpawnProcess name='SpawnProcess-5' parent=23796 started>
    │    └ <function subprocess_started at 0x000001FC13A9AF20>
    └ <SpawnProcess name='SpawnProcess-5' parent=23796 started>
  File "C:\Users\Beast\Desktop\Work\projs\range_monitor_api\range_mon_2\cyber-range-monitor-v-2\backend\.venv\Lib\site-packages\uvicorn\_subprocess.py", line 80, in subprocess_started
    target(sockets=sockets)
    │              └ [<socket.socket fd=488, family=2, type=1, proto=6, laddr=('127.0.0.1', 8000)>]
    └ <bound method Server.run of <uvicorn.server.Server object at 0x000001FC13EAC560>>
  File "C:\Users\Beast\Desktop\Work\projs\range_monitor_api\range_mon_2\cyber-range-monitor-v-2\backend\.venv\Lib\site-packages\uvicorn\server.py", line 66, in run
    return asyncio.run(self.serve(sockets=sockets))
           │       │   │    │             └ [<socket.socket fd=488, family=2, type=1, proto=6, laddr=('127.0.0.1', 8000)>]
           │       │   │    └ <function Server.serve at 0x000001FC13A9A5C0>
           │       │   └ <uvicorn.server.Server object at 0x000001FC13EAC560>
           │       └ <function run at 0x000001FC131E5EE0>
           └ <module 'asyncio' from 'C:\\Program Files\\Python312\\Lib\\asyncio\\__init__.py'>
  File "C:\Program Files\Python312\Lib\asyncio\runners.py", line 194, in run
    return runner.run(main)
           │      │   └ <coroutine object Server.serve at 0x000001FC13EB17E0>
           │      └ <function Runner.run at 0x000001FC133919E0>
           └ <asyncio.runners.Runner object at 0x000001FC13E784D0>
  File "C:\Program Files\Python312\Lib\asyncio\runners.py", line 118, in run
    return self._loop.run_until_complete(task)
           │    │     │                  └ <Task pending name='Task-1' coro=<Server.serve() running at C:\Users\Beast\Desktop\Work\projs\range_monitor_api\range_mon_2\c...
           │    │     └ <function BaseEventLoop.run_until_complete at 0x000001FC1338B600>
           │    └ <_WindowsSelectorEventLoop running=True closed=False debug=False>
           └ <asyncio.runners.Runner object at 0x000001FC13E784D0>
  File "C:\Program Files\Python312\Lib\asyncio\base_events.py", line 674, in run_until_complete
    self.run_forever()
    │    └ <function BaseEventLoop.run_forever at 0x000001FC1338B560>
    └ <_WindowsSelectorEventLoop running=True closed=False debug=False>
  File "C:\Program Files\Python312\Lib\asyncio\base_events.py", line 641, in run_forever
    self._run_once()
    │    └ <function BaseEventLoop._run_once at 0x000001FC133913A0>
    └ <_WindowsSelectorEventLoop running=True closed=False debug=False>
  File "C:\Program Files\Python312\Lib\asyncio\base_events.py", line 1986, in _run_once
    handle._run()
    │      └ <function Handle._run at 0x000001FC131C7920>
    └ <Handle Task.task_wakeup(<Future finished result=None>)>
  File "C:\Program Files\Python312\Lib\asyncio\events.py", line 88, in _run
    self._context.run(self._callback, *self._args)
    │    │            │    │           │    └ <member '_args' of 'Handle' objects>
    │    │            │    │           └ <Handle Task.task_wakeup(<Future finished result=None>)>
    │    │            │    └ <member '_callback' of 'Handle' objects>
    │    │            └ <Handle Task.task_wakeup(<Future finished result=None>)>
    │    └ <member '_context' of 'Handle' objects>
    └ <Handle Task.task_wakeup(<Future finished result=None>)>
> File "C:\Users\Beast\Desktop\Work\projs\range_monitor_api\range_mon_2\cyber-range-monitor-v-2\backend\.venv\Lib\site-packages\uvicorn\protocols\http\httptools_impl.py", line 409, in run_asgi
    result = await app(  # type: ignore[func-returns-value]
                   └ <uvicorn.middleware.proxy_headers.ProxyHeadersMiddleware object at 0x000001FC13403B60>
  File "C:\Users\Beast\Desktop\Work\projs\range_monitor_api\range_mon_2\cyber-range-monitor-v-2\backend\.venv\Lib\site-packages\uvicorn\middleware\proxy_headers.py", line 60, in __call__
    return await self.app(scope, receive, send)
                 │    │   │      │        └ <bound method RequestResponseCycle.send of <uvicorn.protocols.http.httptools_impl.RequestResponseCycle object at 0x000001FC19...
                 │    │   │      └ <bound method RequestResponseCycle.receive of <uvicorn.protocols.http.httptools_impl.RequestResponseCycle object at 0x000001F...
                 │    │   └ {'type': 'http', 'asgi': {'version': '3.0', 'spec_version': '2.3'}, 'http_version': '1.1', 'server': ('127.0.0.1', 8000), 'cl...
                 │    └ <fastapi.applications.FastAPI object at 0x000001FC17498260>
                 └ <uvicorn.middleware.proxy_headers.ProxyHeadersMiddleware object at 0x000001FC13403B60>
  File "C:\Users\Beast\Desktop\Work\projs\range_monitor_api\range_mon_2\cyber-range-monitor-v-2\backend\.venv\Lib\site-packages\fastapi\applications.py", line 1055, in __call__
    await super().__call__(scope, receive, send)
                           │      │        └ <bound method RequestResponseCycle.send of <uvicorn.protocols.http.httptools_impl.RequestResponseCycle object at 0x000001FC19...
                           │      └ <bound method RequestResponseCycle.receive of <uvicorn.protocols.http.httptools_impl.RequestResponseCycle object at 0x000001F...
                           └ {'type': 'http', 'asgi': {'version': '3.0', 'spec_version': '2.3'}, 'http_version': '1.1', 'server': ('127.0.0.1', 8000), 'cl...
  File "C:\Users\Beast\Desktop\Work\projs\range_monitor_api\range_mon_2\cyber-range-monitor-v-2\backend\.venv\Lib\site-packages\starlette\applications.py", line 112, in __call__
    await self.middleware_stack(scope, receive, send)
          │    │                │      │        └ <bound method RequestResponseCycle.send of <uvicorn.protocols.http.httptools_impl.RequestResponseCycle object at 0x000001FC19...
          │    │                │      └ <bound method RequestResponseCycle.receive of <uvicorn.protocols.http.httptools_impl.RequestResponseCycle object at 0x000001F...
          │    │                └ {'type': 'http', 'asgi': {'version': '3.0', 'spec_version': '2.3'}, 'http_version': '1.1', 'server': ('127.0.0.1', 8000), 'cl...
          │    └ <starlette.middleware.errors.ServerErrorMiddleware object at 0x000001FC19AFF3B0>
          └ <fastapi.applications.FastAPI object at 0x000001FC17498260>
  File "C:\Users\Beast\Desktop\Work\projs\range_monitor_api\range_mon_2\cyber-range-monitor-v-2\backend\.venv\Lib\site-packages\starlette\middleware\errors.py", line 187, in __call__
    raise exc
  File "C:\Users\Beast\Desktop\Work\projs\range_monitor_api\range_mon_2\cyber-range-monitor-v-2\backend\.venv\Lib\site-packages\starlette\middleware\errors.py", line 165, in __call__
    await self.app(scope, receive, _send)
          │    │   │      │        └ <function ServerErrorMiddleware.__call__.<locals>._send at 0x000001FC19BEBF60>
          │    │   │      └ <bound method RequestResponseCycle.receive of <uvicorn.protocols.http.httptools_impl.RequestResponseCycle object at 0x000001F...
          │    │   └ {'type': 'http', 'asgi': {'version': '3.0', 'spec_version': '2.3'}, 'http_version': '1.1', 'server': ('127.0.0.1', 8000), 'cl...
          │    └ <starlette.middleware.cors.CORSMiddleware object at 0x000001FC19AFF530>
          └ <starlette.middleware.errors.ServerErrorMiddleware object at 0x000001FC19AFF3B0>
  File "C:\Users\Beast\Desktop\Work\projs\range_monitor_api\range_mon_2\cyber-range-monitor-v-2\backend\.venv\Lib\site-packages\starlette\middleware\cors.py", line 85, in __call__
    await self.app(scope, receive, send)
          │    │   │      │        └ <function ServerErrorMiddleware.__call__.<locals>._send at 0x000001FC19BEBF60>
          │    │   │      └ <bound method RequestResponseCycle.receive of <uvicorn.protocols.http.httptools_impl.RequestResponseCycle object at 0x000001F...
          │    │   └ {'type': 'http', 'asgi': {'version': '3.0', 'spec_version': '2.3'}, 'http_version': '1.1', 'server': ('127.0.0.1', 8000), 'cl...
          │    └ <app.middleware.request_logger.RequestLoggingMiddleware object at 0x000001FC197E37A0>
          └ <starlette.middleware.cors.CORSMiddleware object at 0x000001FC19AFF530>
  File "C:\Users\Beast\Desktop\Work\projs\range_monitor_api\range_mon_2\cyber-range-monitor-v-2\backend\.venv\Lib\site-packages\starlette\middleware\base.py", line 177, in __call__
    with recv_stream, send_stream, collapse_excgroups():
         │            │            └ <function collapse_excgroups at 0x000001FC14D8DB20>
         │            └ MemoryObjectSendStream(_state=MemoryObjectStreamState(max_buffer_size=0, buffer=deque([]), open_send_channels=0, open_receive...
         └ MemoryObjectReceiveStream(_state=MemoryObjectStreamState(max_buffer_size=0, buffer=deque([]), open_send_channels=0, open_rece...
  File "C:\Program Files\Python312\Lib\contextlib.py", line 158, in __exit__
    self.gen.throw(value)
    │    │   │     └ ExceptionGroup('unhandled errors in a TaskGroup', [TypeError('Boolean value of this clause is not defined')])
    │    │   └ <method 'throw' of 'generator' objects>
    │    └ <generator object collapse_excgroups at 0x000001FC19C6E330>
    └ <contextlib._GeneratorContextManager object at 0x000001FC19C93500>
  File "C:\Users\Beast\Desktop\Work\projs\range_monitor_api\range_mon_2\cyber-range-monitor-v-2\backend\.venv\Lib\site-packages\starlette\_utils.py", line 82, in collapse_excgroups
    raise exc
  File "C:\Users\Beast\Desktop\Work\projs\range_monitor_api\range_mon_2\cyber-range-monitor-v-2\backend\.venv\Lib\site-packages\starlette\middleware\base.py", line 179, in __call__
    response = await self.dispatch_func(request, call_next)
                     │    │             │        └ <function BaseHTTPMiddleware.__call__.<locals>.call_next at 0x000001FC19BEB1A0>
                     │    │             └ <starlette.middleware.base._CachedRequest object at 0x000001FC19C92E40>
                     │    └ <function request_logging_middleware at 0x000001FC19713CE0>
                     └ <app.middleware.request_logger.RequestLoggingMiddleware object at 0x000001FC197E37A0>

  File "C:\Users\Beast\Desktop\Work\projs\range_monitor_api\range_mon_2\cyber-range-monitor-v-2\backend\app\middleware\request_logger.py", line 47, in request_logging_middleware
    response: Response = await call_next(request)
                               │         └ <starlette.middleware.base._CachedRequest object at 0x000001FC19C92E40>
                               └ <function BaseHTTPMiddleware.__call__.<locals>.call_next at 0x000001FC19BEB1A0>

  File "C:\Users\Beast\Desktop\Work\projs\range_monitor_api\range_mon_2\cyber-range-monitor-v-2\backend\.venv\Lib\site-packages\starlette\middleware\base.py", line 154, in call_next
    raise app_exc
          └ TypeError('Boolean value of this clause is not defined')
  File "C:\Users\Beast\Desktop\Work\projs\range_monitor_api\range_mon_2\cyber-range-monitor-v-2\backend\.venv\Lib\site-packages\starlette\middleware\base.py", line 141, in coro
    await self.app(scope, receive_or_disconnect, send_no_error)
          │    │   │      │                      └ <function BaseHTTPMiddleware.__call__.<locals>.call_next.<locals>.send_no_error at 0x000001FC19D011C0>
          │    │   │      └ <function BaseHTTPMiddleware.__call__.<locals>.call_next.<locals>.receive_or_disconnect at 0x000001FC19D01120>
          │    │   └ {'type': 'http', 'asgi': {'version': '3.0', 'spec_version': '2.3'}, 'http_version': '1.1', 'server': ('127.0.0.1', 8000), 'cl...
          │    └ <starlette.middleware.exceptions.ExceptionMiddleware object at 0x000001FC19AFF560>
          └ <app.middleware.request_logger.RequestLoggingMiddleware object at 0x000001FC197E37A0>
  File "C:\Users\Beast\Desktop\Work\projs\range_monitor_api\range_mon_2\cyber-range-monitor-v-2\backend\.venv\Lib\site-packages\starlette\middleware\exceptions.py", line 62, in __call__
    await wrap_app_handling_exceptions(self.app, conn)(scope, receive, send)
          │                            │    │    │     │      │        └ <function BaseHTTPMiddleware.__call__.<locals>.call_next.<locals>.send_no_error at 0x000001FC19D011C0>
          │                            │    │    │     │      └ <function BaseHTTPMiddleware.__call__.<locals>.call_next.<locals>.receive_or_disconnect at 0x000001FC19D01120>
          │                            │    │    │     └ {'type': 'http', 'asgi': {'version': '3.0', 'spec_version': '2.3'}, 'http_version': '1.1', 'server': ('127.0.0.1', 8000), 'cl...
          │                            │    │    └ <starlette.requests.Request object at 0x000001FC19C92BD0>
          │                            │    └ <fastapi.routing.APIRouter object at 0x000001FC13EAF2F0>
          │                            └ <starlette.middleware.exceptions.ExceptionMiddleware object at 0x000001FC19AFF560>
          └ <function wrap_app_handling_exceptions at 0x000001FC15FC3740>
  File "C:\Users\Beast\Desktop\Work\projs\range_monitor_api\range_mon_2\cyber-range-monitor-v-2\backend\.venv\Lib\site-packages\starlette\_exception_handler.py", line 53, in wrapped_app
    raise exc
  File "C:\Users\Beast\Desktop\Work\projs\range_monitor_api\range_mon_2\cyber-range-monitor-v-2\backend\.venv\Lib\site-packages\starlette\_exception_handler.py", line 42, in wrapped_app
    await app(scope, receive, sender)
          │   │      │        └ <function wrap_app_handling_exceptions.<locals>.wrapped_app.<locals>.sender at 0x000001FC19D013A0>
          │   │      └ <function BaseHTTPMiddleware.__call__.<locals>.call_next.<locals>.receive_or_disconnect at 0x000001FC19D01120>
          │   └ {'type': 'http', 'asgi': {'version': '3.0', 'spec_version': '2.3'}, 'http_version': '1.1', 'server': ('127.0.0.1', 8000), 'cl...
          └ <fastapi.routing.APIRouter object at 0x000001FC13EAF2F0>
  File "C:\Users\Beast\Desktop\Work\projs\range_monitor_api\range_mon_2\cyber-range-monitor-v-2\backend\.venv\Lib\site-packages\starlette\routing.py", line 715, in __call__
    await self.middleware_stack(scope, receive, send)
          │    │                │      │        └ <function wrap_app_handling_exceptions.<locals>.wrapped_app.<locals>.sender at 0x000001FC19D013A0>
          │    │                │      └ <function BaseHTTPMiddleware.__call__.<locals>.call_next.<locals>.receive_or_disconnect at 0x000001FC19D01120>
          │    │                └ {'type': 'http', 'asgi': {'version': '3.0', 'spec_version': '2.3'}, 'http_version': '1.1', 'server': ('127.0.0.1', 8000), 'cl...
          │    └ <bound method Router.app of <fastapi.routing.APIRouter object at 0x000001FC13EAF2F0>>
          └ <fastapi.routing.APIRouter object at 0x000001FC13EAF2F0>
  File "C:\Users\Beast\Desktop\Work\projs\range_monitor_api\range_mon_2\cyber-range-monitor-v-2\backend\.venv\Lib\site-packages\starlette\routing.py", line 735, in app
    await route.handle(scope, receive, send)
          │     │      │      │        └ <function wrap_app_handling_exceptions.<locals>.wrapped_app.<locals>.sender at 0x000001FC19D013A0>
          │     │      │      └ <function BaseHTTPMiddleware.__call__.<locals>.call_next.<locals>.receive_or_disconnect at 0x000001FC19D01120>
          │     │      └ {'type': 'http', 'asgi': {'version': '3.0', 'spec_version': '2.3'}, 'http_version': '1.1', 'server': ('127.0.0.1', 8000), 'cl...
          │     └ <function Route.handle at 0x000001FC15FECC20>
          └ APIRoute(path='/api/users/', name='get_all_users', methods=['GET'])
  File "C:\Users\Beast\Desktop\Work\projs\range_monitor_api\range_mon_2\cyber-range-monitor-v-2\backend\.venv\Lib\site-packages\starlette\routing.py", line 288, in handle
    await self.app(scope, receive, send)
          │    │   │      │        └ <function wrap_app_handling_exceptions.<locals>.wrapped_app.<locals>.sender at 0x000001FC19D013A0>
          │    │   │      └ <function BaseHTTPMiddleware.__call__.<locals>.call_next.<locals>.receive_or_disconnect at 0x000001FC19D01120>
          │    │   └ {'type': 'http', 'asgi': {'version': '3.0', 'spec_version': '2.3'}, 'http_version': '1.1', 'server': ('127.0.0.1', 8000), 'cl...
          │    └ <function request_response.<locals>.app at 0x000001FC19A55C60>
          └ APIRoute(path='/api/users/', name='get_all_users', methods=['GET'])
  File "C:\Users\Beast\Desktop\Work\projs\range_monitor_api\range_mon_2\cyber-range-monitor-v-2\backend\.venv\Lib\site-packages\starlette\routing.py", line 76, in app
    await wrap_app_handling_exceptions(app, request)(scope, receive, send)
          │                            │    │        │      │        └ <function wrap_app_handling_exceptions.<locals>.wrapped_app.<locals>.sender at 0x000001FC19D013A0>
          │                            │    │        │      └ <function BaseHTTPMiddleware.__call__.<locals>.call_next.<locals>.receive_or_disconnect at 0x000001FC19D01120>
          │                            │    │        └ {'type': 'http', 'asgi': {'version': '3.0', 'spec_version': '2.3'}, 'http_version': '1.1', 'server': ('127.0.0.1', 8000), 'cl...
          │                            │    └ <starlette.requests.Request object at 0x000001FC19D04440>
          │                            └ <function request_response.<locals>.app.<locals>.app at 0x000001FC19D01440>
          └ <function wrap_app_handling_exceptions at 0x000001FC15FC3740>
  File "C:\Users\Beast\Desktop\Work\projs\range_monitor_api\range_mon_2\cyber-range-monitor-v-2\backend\.venv\Lib\site-packages\starlette\_exception_handler.py", line 53, in wrapped_app
    raise exc
  File "C:\Users\Beast\Desktop\Work\projs\range_monitor_api\range_mon_2\cyber-range-monitor-v-2\backend\.venv\Lib\site-packages\starlette\_exception_handler.py", line 42, in wrapped_app
    await app(scope, receive, sender)
          │   │      │        └ <function wrap_app_handling_exceptions.<locals>.wrapped_app.<locals>.sender at 0x000001FC19D01580>
          │   │      └ <function BaseHTTPMiddleware.__call__.<locals>.call_next.<locals>.receive_or_disconnect at 0x000001FC19D01120>
          │   └ {'type': 'http', 'asgi': {'version': '3.0', 'spec_version': '2.3'}, 'http_version': '1.1', 'server': ('127.0.0.1', 8000), 'cl...
          └ <function request_response.<locals>.app.<locals>.app at 0x000001FC19D01440>
  File "C:\Users\Beast\Desktop\Work\projs\range_monitor_api\range_mon_2\cyber-range-monitor-v-2\backend\.venv\Lib\site-packages\starlette\routing.py", line 73, in app
    response = await f(request)
                     │ └ <starlette.requests.Request object at 0x000001FC19D04440>
                     └ <function get_request_handler.<locals>.app at 0x000001FC19A55E40>
  File "C:\Users\Beast\Desktop\Work\projs\range_monitor_api\range_mon_2\cyber-range-monitor-v-2\backend\.venv\Lib\site-packages\fastapi\routing.py", line 301, in app
    raw_response = await run_endpoint_function(
                         └ <function run_endpoint_function at 0x000001FC15FC3060>
  File "C:\Users\Beast\Desktop\Work\projs\range_monitor_api\range_mon_2\cyber-range-monitor-v-2\backend\.venv\Lib\site-packages\fastapi\routing.py", line 212, in run_endpoint_function
    return await dependant.call(**values)
                 │         │      └ {'user_service': <app.api.users.service.UserService object at 0x000001FC18F98920>, 'reader': <User(id=1 username=admin role=a...
                 │         └ <function get_all_users at 0x000001FC194BE2A0>
                 └ Dependant(path_params=[], query_params=[], header_params=[], cookie_params=[], body_params=[], dependencies=[Dependant(path_p...

  File "C:\Users\Beast\Desktop\Work\projs\range_monitor_api\range_mon_2\cyber-range-monitor-v-2\backend\app\api\users\router.py", line 74, in get_all_users
    response = await user_service.role_based_read_all(reader)
                     │            │                   └ <User(id=1 username=admin role=admin)>
                     │            └ <function UserService.role_based_read_all at 0x000001FC178A8AE0>
                     └ <app.api.users.service.UserService object at 0x000001FC18F98920>

  File "C:\Users\Beast\Desktop\Work\projs\range_monitor_api\range_mon_2\cyber-range-monitor-v-2\backend\app\api\users\service.py", line 176, in role_based_read_all
    readable_users = await self.models.select_all(
                           │    │      └ <function ModelRepository.select_all at 0x000001FC177107C0>
                           │    └ <app.common.repository.ModelRepository object at 0x000001FC19921850>
                           └ <app.api.users.service.UserService object at 0x000001FC18F98920>

  File "C:\Users\Beast\Desktop\Work\projs\range_monitor_api\range_mon_2\cyber-range-monitor-v-2\backend\app\common\repository.py", line 88, in select_all
    if predicate:
       └ <sqlalchemy.sql.elements.BinaryExpression object at 0x000001FC19A43FB0>

  File "C:\Users\Beast\Desktop\Work\projs\range_monitor_api\range_mon_2\cyber-range-monitor-v-2\backend\.venv\Lib\site-packages\sqlalchemy\sql\elements.py", line 3949, in __bool__
    raise TypeError("Boolean value of this clause is not defined")

TypeError: Boolean value of this clause is not defined
2025-05-14 15:19:32.735 | INFO     | uvicorn.server:shutdown:263 - Shutting down
2025-05-14 15:19:32.841 | INFO     | uvicorn.lifespan.on:shutdown:67 - Waiting for application shutdown.
2025-05-14 15:19:32.844 | INFO     | uvicorn.lifespan.on:shutdown:76 - Application shutdown complete.
2025-05-14 15:19:32.845 | INFO     | uvicorn.server:_serve:93 - Finished server process [24480]
2025-05-14 15:19:37.732 | INFO     | uvicorn.server:_serve:83 - Started server process [30108]
2025-05-14 15:19:37.735 | INFO     | uvicorn.lifespan.on:startup:48 - Waiting for application startup.
2025-05-14 15:19:37.779 | INFO     | uvicorn.lifespan.on:startup:62 - Application startup complete.
2025-05-14 15:19:38.749 | INFO     | uvicorn.server:shutdown:263 - Shutting down
2025-05-14 15:19:38.862 | INFO     | uvicorn.lifespan.on:shutdown:67 - Waiting for application shutdown.
2025-05-14 15:19:38.881 | INFO     | uvicorn.lifespan.on:shutdown:76 - Application shutdown complete.
2025-05-14 15:19:38.883 | INFO     | uvicorn.server:_serve:93 - Finished server process [30108]
2025-05-14 15:20:03.256 | INFO     | uvicorn.server:_serve:83 - Started server process [29052]
2025-05-14 15:20:03.256 | INFO     | uvicorn.lifespan.on:startup:48 - Waiting for application startup.
2025-05-14 15:20:04.377 | INFO     | uvicorn.lifespan.on:startup:62 - Application startup complete.
2025-05-14 15:20:13.247 | INFO     | uvicorn.server:shutdown:263 - Shutting down
2025-05-14 15:20:13.357 | INFO     | uvicorn.lifespan.on:shutdown:67 - Waiting for application shutdown.
2025-05-14 15:20:13.371 | INFO     | uvicorn.lifespan.on:shutdown:76 - Application shutdown complete.
2025-05-14 15:20:13.372 | INFO     | uvicorn.server:_serve:93 - Finished server process [29052]
2025-05-14 15:20:27.862 | INFO     | uvicorn.server:_serve:83 - Started server process [21480]
2025-05-14 15:20:27.862 | INFO     | uvicorn.lifespan.on:startup:48 - Waiting for application startup.
2025-05-14 15:20:27.910 | INFO     | uvicorn.lifespan.on:startup:62 - Application startup complete.
2025-05-14 15:20:28.177 | ERROR    | uvicorn.protocols.http.httptools_impl:run_asgi:414 - Exception in ASGI application

  + Exception Group Traceback (most recent call last):
  |
  |   File "C:\Users\Beast\Desktop\Work\projs\range_monitor_api\range_mon_2\cyber-range-monitor-v-2\backend\.venv\Lib\site-packages\starlette\_utils.py", line 76, in collapse_excgroups
  |     yield
  |   File "C:\Users\Beast\Desktop\Work\projs\range_monitor_api\range_mon_2\cyber-range-monitor-v-2\backend\.venv\Lib\site-packages\starlette\middleware\base.py", line 178, in __call__
  |     async with anyio.create_task_group() as task_group:
  |                │     │                      └ <anyio._backends._asyncio.TaskGroup object at 0x000002B6C5C035F0>
  |                │     └ <function create_task_group at 0x000002B6BFA625C0>
  |                └ <module 'anyio' from 'C:\\Users\\Beast\\Desktop\\Work\\projs\\range_monitor_api\\range_mon_2\\cyber-range-monitor-v-2\\backen...
  |   File "C:\Users\Beast\Desktop\Work\projs\range_monitor_api\range_mon_2\cyber-range-monitor-v-2\backend\.venv\Lib\site-packages\anyio\_backends\_asyncio.py", line 767, in __aexit__
  |     raise BaseExceptionGroup(
  |
  | ExceptionGroup: unhandled errors in a TaskGroup (1 sub-exception)
  +-+---------------- 1 ----------------
    | Traceback (most recent call last):
    |
    |   File "C:\Users\Beast\Desktop\Work\projs\range_monitor_api\range_mon_2\cyber-range-monitor-v-2\backend\.venv\Lib\site-packages\uvicorn\protocols\http\httptools_impl.py", line 409, in run_asgi
    |     result = await app(  # type: ignore[func-returns-value]
    |                    └ <uvicorn.middleware.proxy_headers.ProxyHeadersMiddleware object at 0x000002B6BFDF8800>
    |   File "C:\Users\Beast\Desktop\Work\projs\range_monitor_api\range_mon_2\cyber-range-monitor-v-2\backend\.venv\Lib\site-packages\uvicorn\middleware\proxy_headers.py", line 60, in __call__
    |     return await self.app(scope, receive, send)
    |                  │    │   │      │        └ <bound method RequestResponseCycle.send of <uvicorn.protocols.http.httptools_impl.RequestResponseCycle object at 0x000002B6C5...
    |                  │    │   │      └ <bound method RequestResponseCycle.receive of <uvicorn.protocols.http.httptools_impl.RequestResponseCycle object at 0x000002B...
    |                  │    │   └ {'type': 'http', 'asgi': {'version': '3.0', 'spec_version': '2.3'}, 'http_version': '1.1', 'server': ('127.0.0.1', 8000), 'cl...
    |                  │    └ <fastapi.applications.FastAPI object at 0x000002B6C552C230>
    |                  └ <uvicorn.middleware.proxy_headers.ProxyHeadersMiddleware object at 0x000002B6BFDF8800>
    |   File "C:\Users\Beast\Desktop\Work\projs\range_monitor_api\range_mon_2\cyber-range-monitor-v-2\backend\.venv\Lib\site-packages\fastapi\applications.py", line 1055, in __call__
    |     await super().__call__(scope, receive, send)
    |                            │      │        └ <bound method RequestResponseCycle.send of <uvicorn.protocols.http.httptools_impl.RequestResponseCycle object at 0x000002B6C5...
    |                            │      └ <bound method RequestResponseCycle.receive of <uvicorn.protocols.http.httptools_impl.RequestResponseCycle object at 0x000002B...
    |                            └ {'type': 'http', 'asgi': {'version': '3.0', 'spec_version': '2.3'}, 'http_version': '1.1', 'server': ('127.0.0.1', 8000), 'cl...
    |   File "C:\Users\Beast\Desktop\Work\projs\range_monitor_api\range_mon_2\cyber-range-monitor-v-2\backend\.venv\Lib\site-packages\starlette\applications.py", line 112, in __call__
    |     await self.middleware_stack(scope, receive, send)
    |           │    │                │      │        └ <bound method RequestResponseCycle.send of <uvicorn.protocols.http.httptools_impl.RequestResponseCycle object at 0x000002B6C5...
    |           │    │                │      └ <bound method RequestResponseCycle.receive of <uvicorn.protocols.http.httptools_impl.RequestResponseCycle object at 0x000002B...
    |           │    │                └ {'type': 'http', 'asgi': {'version': '3.0', 'spec_version': '2.3'}, 'http_version': '1.1', 'server': ('127.0.0.1', 8000), 'cl...
    |           │    └ <starlette.middleware.errors.ServerErrorMiddleware object at 0x000002B6C5A1FC80>
    |           └ <fastapi.applications.FastAPI object at 0x000002B6C552C230>
    |   File "C:\Users\Beast\Desktop\Work\projs\range_monitor_api\range_mon_2\cyber-range-monitor-v-2\backend\.venv\Lib\site-packages\starlette\middleware\errors.py", line 187, in __call__
    |     raise exc
    |   File "C:\Users\Beast\Desktop\Work\projs\range_monitor_api\range_mon_2\cyber-range-monitor-v-2\backend\.venv\Lib\site-packages\starlette\middleware\errors.py", line 165, in __call__
    |     await self.app(scope, receive, _send)
    |           │    │   │      │        └ <function ServerErrorMiddleware.__call__.<locals>._send at 0x000002B6C5B5AF20>
    |           │    │   │      └ <bound method RequestResponseCycle.receive of <uvicorn.protocols.http.httptools_impl.RequestResponseCycle object at 0x000002B...
    |           │    │   └ {'type': 'http', 'asgi': {'version': '3.0', 'spec_version': '2.3'}, 'http_version': '1.1', 'server': ('127.0.0.1', 8000), 'cl...
    |           │    └ <starlette.middleware.cors.CORSMiddleware object at 0x000002B6C5A1FC20>
    |           └ <starlette.middleware.errors.ServerErrorMiddleware object at 0x000002B6C5A1FC80>
    |   File "C:\Users\Beast\Desktop\Work\projs\range_monitor_api\range_mon_2\cyber-range-monitor-v-2\backend\.venv\Lib\site-packages\starlette\middleware\cors.py", line 85, in __call__
    |     await self.app(scope, receive, send)
    |           │    │   │      │        └ <function ServerErrorMiddleware.__call__.<locals>._send at 0x000002B6C5B5AF20>
    |           │    │   │      └ <bound method RequestResponseCycle.receive of <uvicorn.protocols.http.httptools_impl.RequestResponseCycle object at 0x000002B...
    |           │    │   └ {'type': 'http', 'asgi': {'version': '3.0', 'spec_version': '2.3'}, 'http_version': '1.1', 'server': ('127.0.0.1', 8000), 'cl...
    |           │    └ <app.middleware.request_logger.RequestLoggingMiddleware object at 0x000002B6C5A1FE00>
    |           └ <starlette.middleware.cors.CORSMiddleware object at 0x000002B6C5A1FC20>
    |   File "C:\Users\Beast\Desktop\Work\projs\range_monitor_api\range_mon_2\cyber-range-monitor-v-2\backend\.venv\Lib\site-packages\starlette\middleware\base.py", line 177, in __call__
    |     with recv_stream, send_stream, collapse_excgroups():
    |          │            │            └ <function collapse_excgroups at 0x000002B6C0D1DB20>
    |          │            └ MemoryObjectSendStream(_state=MemoryObjectStreamState(max_buffer_size=0, buffer=deque([]), open_send_channels=0, open_receive...
    |          └ MemoryObjectReceiveStream(_state=MemoryObjectStreamState(max_buffer_size=0, buffer=deque([]), open_send_channels=0, open_rece...
    |   File "C:\Program Files\Python312\Lib\contextlib.py", line 158, in __exit__
    |     self.gen.throw(value)
    |     │    │   │     └ ExceptionGroup('unhandled errors in a TaskGroup', [TypeError('Boolean value of this clause is not defined')])
    |     │    │   └ <method 'throw' of 'generator' objects>
    |     │    └ <generator object collapse_excgroups at 0x000002B6C5BDE330>
    |     └ <contextlib._GeneratorContextManager object at 0x000002B6C5C030E0>
    |   File "C:\Users\Beast\Desktop\Work\projs\range_monitor_api\range_mon_2\cyber-range-monitor-v-2\backend\.venv\Lib\site-packages\starlette\_utils.py", line 82, in collapse_excgroups
    |     raise exc
    |   File "C:\Users\Beast\Desktop\Work\projs\range_monitor_api\range_mon_2\cyber-range-monitor-v-2\backend\.venv\Lib\site-packages\starlette\middleware\base.py", line 179, in __call__
    |     response = await self.dispatch_func(request, call_next)
    |                      │    │             │        └ <function BaseHTTPMiddleware.__call__.<locals>.call_next at 0x000002B6C5BC0720>
    |                      │    │             └ <starlette.middleware.base._CachedRequest object at 0x000002B6C5C03050>
    |                      │    └ <function request_logging_middleware at 0x000002B6C568B240>
    |                      └ <app.middleware.request_logger.RequestLoggingMiddleware object at 0x000002B6C5A1FE00>
    |
    |   File "C:\Users\Beast\Desktop\Work\projs\range_monitor_api\range_mon_2\cyber-range-monitor-v-2\backend\app\middleware\request_logger.py", line 47, in request_logging_middleware
    |     response: Response = await call_next(request)
    |                                │         └ <starlette.middleware.base._CachedRequest object at 0x000002B6C5C03050>
    |                                └ <function BaseHTTPMiddleware.__call__.<locals>.call_next at 0x000002B6C5BC0720>
    |
    |   File "C:\Users\Beast\Desktop\Work\projs\range_monitor_api\range_mon_2\cyber-range-monitor-v-2\backend\.venv\Lib\site-packages\starlette\middleware\base.py", line 154, in call_next
    |     raise app_exc
    |           └ TypeError('Boolean value of this clause is not defined')
    |   File "C:\Users\Beast\Desktop\Work\projs\range_monitor_api\range_mon_2\cyber-range-monitor-v-2\backend\.venv\Lib\site-packages\starlette\middleware\base.py", line 141, in coro
    |     await self.app(scope, receive_or_disconnect, send_no_error)
    |           │    │   │      │                      └ <function BaseHTTPMiddleware.__call__.<locals>.call_next.<locals>.send_no_error at 0x000002B6C5C75080>
    |           │    │   │      └ <function BaseHTTPMiddleware.__call__.<locals>.call_next.<locals>.receive_or_disconnect at 0x000002B6C5C74FE0>
    |           │    │   └ {'type': 'http', 'asgi': {'version': '3.0', 'spec_version': '2.3'}, 'http_version': '1.1', 'server': ('127.0.0.1', 8000), 'cl...
    |           │    └ <starlette.middleware.exceptions.ExceptionMiddleware object at 0x000002B6C5A1FD40>
    |           └ <app.middleware.request_logger.RequestLoggingMiddleware object at 0x000002B6C5A1FE00>
    |   File "C:\Users\Beast\Desktop\Work\projs\range_monitor_api\range_mon_2\cyber-range-monitor-v-2\backend\.venv\Lib\site-packages\starlette\middleware\exceptions.py", line 62, in __call__
    |     await wrap_app_handling_exceptions(self.app, conn)(scope, receive, send)
    |           │                            │    │    │     │      │        └ <function BaseHTTPMiddleware.__call__.<locals>.call_next.<locals>.send_no_error at 0x000002B6C5C75080>
    |           │                            │    │    │     │      └ <function BaseHTTPMiddleware.__call__.<locals>.call_next.<locals>.receive_or_disconnect at 0x000002B6C5C74FE0>
    |           │                            │    │    │     └ {'type': 'http', 'asgi': {'version': '3.0', 'spec_version': '2.3'}, 'http_version': '1.1', 'server': ('127.0.0.1', 8000), 'cl...
    |           │                            │    │    └ <starlette.requests.Request object at 0x000002B6C4E83500>
    |           │                            │    └ <fastapi.routing.APIRouter object at 0x000002B6C08C5C70>
    |           │                            └ <starlette.middleware.exceptions.ExceptionMiddleware object at 0x000002B6C5A1FD40>
    |           └ <function wrap_app_handling_exceptions at 0x000002B6C1F53740>
    |   File "C:\Users\Beast\Desktop\Work\projs\range_monitor_api\range_mon_2\cyber-range-monitor-v-2\backend\.venv\Lib\site-packages\starlette\_exception_handler.py", line 53, in wrapped_app
    |     raise exc
    |   File "C:\Users\Beast\Desktop\Work\projs\range_monitor_api\range_mon_2\cyber-range-monitor-v-2\backend\.venv\Lib\site-packages\starlette\_exception_handler.py", line 42, in wrapped_app
    |     await app(scope, receive, sender)
    |           │   │      │        └ <function wrap_app_handling_exceptions.<locals>.wrapped_app.<locals>.sender at 0x000002B6C5C75260>
    |           │   │      └ <function BaseHTTPMiddleware.__call__.<locals>.call_next.<locals>.receive_or_disconnect at 0x000002B6C5C74FE0>
    |           │   └ {'type': 'http', 'asgi': {'version': '3.0', 'spec_version': '2.3'}, 'http_version': '1.1', 'server': ('127.0.0.1', 8000), 'cl...
    |           └ <fastapi.routing.APIRouter object at 0x000002B6C08C5C70>
    |   File "C:\Users\Beast\Desktop\Work\projs\range_monitor_api\range_mon_2\cyber-range-monitor-v-2\backend\.venv\Lib\site-packages\starlette\routing.py", line 715, in __call__
    |     await self.middleware_stack(scope, receive, send)
    |           │    │                │      │        └ <function wrap_app_handling_exceptions.<locals>.wrapped_app.<locals>.sender at 0x000002B6C5C75260>
    |           │    │                │      └ <function BaseHTTPMiddleware.__call__.<locals>.call_next.<locals>.receive_or_disconnect at 0x000002B6C5C74FE0>
    |           │    │                └ {'type': 'http', 'asgi': {'version': '3.0', 'spec_version': '2.3'}, 'http_version': '1.1', 'server': ('127.0.0.1', 8000), 'cl...
    |           │    └ <bound method Router.app of <fastapi.routing.APIRouter object at 0x000002B6C08C5C70>>
    |           └ <fastapi.routing.APIRouter object at 0x000002B6C08C5C70>
    |   File "C:\Users\Beast\Desktop\Work\projs\range_monitor_api\range_mon_2\cyber-range-monitor-v-2\backend\.venv\Lib\site-packages\starlette\routing.py", line 735, in app
    |     await route.handle(scope, receive, send)
    |           │     │      │      │        └ <function wrap_app_handling_exceptions.<locals>.wrapped_app.<locals>.sender at 0x000002B6C5C75260>
    |           │     │      │      └ <function BaseHTTPMiddleware.__call__.<locals>.call_next.<locals>.receive_or_disconnect at 0x000002B6C5C74FE0>
    |           │     │      └ {'type': 'http', 'asgi': {'version': '3.0', 'spec_version': '2.3'}, 'http_version': '1.1', 'server': ('127.0.0.1', 8000), 'cl...
    |           │     └ <function Route.handle at 0x000002B6C1F7CC20>
    |           └ APIRoute(path='/api/users/', name='get_all_users', methods=['GET'])
    |   File "C:\Users\Beast\Desktop\Work\projs\range_monitor_api\range_mon_2\cyber-range-monitor-v-2\backend\.venv\Lib\site-packages\starlette\routing.py", line 288, in handle
    |     await self.app(scope, receive, send)
    |           │    │   │      │        └ <function wrap_app_handling_exceptions.<locals>.wrapped_app.<locals>.sender at 0x000002B6C5C75260>
    |           │    │   │      └ <function BaseHTTPMiddleware.__call__.<locals>.call_next.<locals>.receive_or_disconnect at 0x000002B6C5C74FE0>
    |           │    │   └ {'type': 'http', 'asgi': {'version': '3.0', 'spec_version': '2.3'}, 'http_version': '1.1', 'server': ('127.0.0.1', 8000), 'cl...
    |           │    └ <function request_response.<locals>.app at 0x000002B6C59C9B20>
    |           └ APIRoute(path='/api/users/', name='get_all_users', methods=['GET'])
    |   File "C:\Users\Beast\Desktop\Work\projs\range_monitor_api\range_mon_2\cyber-range-monitor-v-2\backend\.venv\Lib\site-packages\starlette\routing.py", line 76, in app
    |     await wrap_app_handling_exceptions(app, request)(scope, receive, send)
    |           │                            │    │        │      │        └ <function wrap_app_handling_exceptions.<locals>.wrapped_app.<locals>.sender at 0x000002B6C5C75260>
    |           │                            │    │        │      └ <function BaseHTTPMiddleware.__call__.<locals>.call_next.<locals>.receive_or_disconnect at 0x000002B6C5C74FE0>
    |           │                            │    │        └ {'type': 'http', 'asgi': {'version': '3.0', 'spec_version': '2.3'}, 'http_version': '1.1', 'server': ('127.0.0.1', 8000), 'cl...
    |           │                            │    └ <starlette.requests.Request object at 0x000002B6C5C6C5F0>
    |           │                            └ <function request_response.<locals>.app.<locals>.app at 0x000002B6C5C75300>
    |           └ <function wrap_app_handling_exceptions at 0x000002B6C1F53740>
    |   File "C:\Users\Beast\Desktop\Work\projs\range_monitor_api\range_mon_2\cyber-range-monitor-v-2\backend\.venv\Lib\site-packages\starlette\_exception_handler.py", line 53, in wrapped_app
    |     raise exc
    |   File "C:\Users\Beast\Desktop\Work\projs\range_monitor_api\range_mon_2\cyber-range-monitor-v-2\backend\.venv\Lib\site-packages\starlette\_exception_handler.py", line 42, in wrapped_app
    |     await app(scope, receive, sender)
    |           │   │      │        └ <function wrap_app_handling_exceptions.<locals>.wrapped_app.<locals>.sender at 0x000002B6C5C75440>
    |           │   │      └ <function BaseHTTPMiddleware.__call__.<locals>.call_next.<locals>.receive_or_disconnect at 0x000002B6C5C74FE0>
    |           │   └ {'type': 'http', 'asgi': {'version': '3.0', 'spec_version': '2.3'}, 'http_version': '1.1', 'server': ('127.0.0.1', 8000), 'cl...
    |           └ <function request_response.<locals>.app.<locals>.app at 0x000002B6C5C75300>
    |   File "C:\Users\Beast\Desktop\Work\projs\range_monitor_api\range_mon_2\cyber-range-monitor-v-2\backend\.venv\Lib\site-packages\starlette\routing.py", line 73, in app
    |     response = await f(request)
    |                      │ └ <starlette.requests.Request object at 0x000002B6C5C6C5F0>
    |                      └ <function get_request_handler.<locals>.app at 0x000002B6C59C9D00>
    |   File "C:\Users\Beast\Desktop\Work\projs\range_monitor_api\range_mon_2\cyber-range-monitor-v-2\backend\.venv\Lib\site-packages\fastapi\routing.py", line 301, in app
    |     raw_response = await run_endpoint_function(
    |                          └ <function run_endpoint_function at 0x000002B6C1F53060>
    |   File "C:\Users\Beast\Desktop\Work\projs\range_monitor_api\range_mon_2\cyber-range-monitor-v-2\backend\.venv\Lib\site-packages\fastapi\routing.py", line 212, in run_endpoint_function
    |     return await dependant.call(**values)
    |                  │         │      └ {'user_service': <app.api.users.service.UserService object at 0x000002B6C3C28560>, 'reader': <User(id=1 username=admin role=a...
    |                  │         └ <function get_all_users at 0x000002B6C542E160>
    |                  └ Dependant(path_params=[], query_params=[], header_params=[], cookie_params=[], body_params=[], dependencies=[Dependant(path_p...
    |
    |   File "C:\Users\Beast\Desktop\Work\projs\range_monitor_api\range_mon_2\cyber-range-monitor-v-2\backend\app\api\users\router.py", line 74, in get_all_users
    |     response = await user_service.role_based_read_all(reader)
    |                      │            │                   └ <User(id=1 username=admin role=admin)>
    |                      │            └ <function UserService.role_based_read_all at 0x000002B6C38089A0>
    |                      └ <app.api.users.service.UserService object at 0x000002B6C3C28560>
    |
    |   File "C:\Users\Beast\Desktop\Work\projs\range_monitor_api\range_mon_2\cyber-range-monitor-v-2\backend\app\api\users\service.py", line 176, in role_based_read_all
    |     readable_users = await self.models.select_all(
    |                            │    │      └ <function ModelRepository.select_all at 0x000002B6C3670680>
    |                            │    └ <app.common.repository.ModelRepository object at 0x000002B6C32F0590>
    |                            └ <app.api.users.service.UserService object at 0x000002B6C3C28560>
    |
    |   File "C:\Users\Beast\Desktop\Work\projs\range_monitor_api\range_mon_2\cyber-range-monitor-v-2\backend\app\common\repository.py", line 88, in select_all
    |     if predicate:
    |        └ <sqlalchemy.sql.elements.BinaryExpression object at 0x000002B6C5C6E360>
    |
    |   File "C:\Users\Beast\Desktop\Work\projs\range_monitor_api\range_mon_2\cyber-range-monitor-v-2\backend\.venv\Lib\site-packages\sqlalchemy\sql\elements.py", line 3949, in __bool__
    |     raise TypeError("Boolean value of this clause is not defined")
    |
    | TypeError: Boolean value of this clause is not defined
    +------------------------------------


During handling of the above exception, another exception occurred:


Traceback (most recent call last):

  File "<string>", line 1, in <module>
  File "C:\Program Files\Python312\Lib\multiprocessing\spawn.py", line 122, in spawn_main
    exitcode = _main(fd, parent_sentinel)
               │     │   └ 356
               │     └ 3
               └ <function _main at 0x000002B6BD60ACA0>
  File "C:\Program Files\Python312\Lib\multiprocessing\spawn.py", line 135, in _main
    return self._bootstrap(parent_sentinel)
           │    │          └ 356
           │    └ <function BaseProcess._bootstrap at 0x000002B6BD4FD260>
           └ <SpawnProcess name='SpawnProcess-1' parent=31528 started>
  File "C:\Program Files\Python312\Lib\multiprocessing\process.py", line 314, in _bootstrap
    self.run()
    │    └ <function BaseProcess.run at 0x000002B6BD4FC7C0>
    └ <SpawnProcess name='SpawnProcess-1' parent=31528 started>
  File "C:\Program Files\Python312\Lib\multiprocessing\process.py", line 108, in run
    self._target(*self._args, **self._kwargs)
    │    │        │    │        │    └ {'config': <uvicorn.config.Config object at 0x000002B6BD5C87D0>, 'target': <bound method Server.run of <uvicorn.server.Server...
    │    │        │    │        └ <SpawnProcess name='SpawnProcess-1' parent=31528 started>
    │    │        │    └ ()
    │    │        └ <SpawnProcess name='SpawnProcess-1' parent=31528 started>
    │    └ <function subprocess_started at 0x000002B6BF99AF20>
    └ <SpawnProcess name='SpawnProcess-1' parent=31528 started>
  File "C:\Users\Beast\Desktop\Work\projs\range_monitor_api\range_mon_2\cyber-range-monitor-v-2\backend\.venv\Lib\site-packages\uvicorn\_subprocess.py", line 80, in subprocess_started
    target(sockets=sockets)
    │              └ [<socket.socket fd=360, family=2, type=1, proto=6, laddr=('127.0.0.1', 8000)>]
    └ <bound method Server.run of <uvicorn.server.Server object at 0x000002B6BFDCC2C0>>
  File "C:\Users\Beast\Desktop\Work\projs\range_monitor_api\range_mon_2\cyber-range-monitor-v-2\backend\.venv\Lib\site-packages\uvicorn\server.py", line 66, in run
    return asyncio.run(self.serve(sockets=sockets))
           │       │   │    │             └ [<socket.socket fd=360, family=2, type=1, proto=6, laddr=('127.0.0.1', 8000)>]
           │       │   │    └ <function Server.serve at 0x000002B6BF99A5C0>
           │       │   └ <uvicorn.server.Server object at 0x000002B6BFDCC2C0>
           │       └ <function run at 0x000002B6BF185EE0>
           └ <module 'asyncio' from 'C:\\Program Files\\Python312\\Lib\\asyncio\\__init__.py'>
  File "C:\Program Files\Python312\Lib\asyncio\runners.py", line 194, in run
    return runner.run(main)
           │      │   └ <coroutine object Server.serve at 0x000002B6BFDD17E0>
           │      └ <function Runner.run at 0x000002B6BF2619E0>
           └ <asyncio.runners.Runner object at 0x000002B6BFDCF080>
  File "C:\Program Files\Python312\Lib\asyncio\runners.py", line 118, in run
    return self._loop.run_until_complete(task)
           │    │     │                  └ <Task pending name='Task-1' coro=<Server.serve() running at C:\Users\Beast\Desktop\Work\projs\range_monitor_api\range_mon_2\c...
           │    │     └ <function BaseEventLoop.run_until_complete at 0x000002B6BF25B600>
           │    └ <_WindowsSelectorEventLoop running=True closed=False debug=False>
           └ <asyncio.runners.Runner object at 0x000002B6BFDCF080>
  File "C:\Program Files\Python312\Lib\asyncio\base_events.py", line 674, in run_until_complete
    self.run_forever()
    │    └ <function BaseEventLoop.run_forever at 0x000002B6BF25B560>
    └ <_WindowsSelectorEventLoop running=True closed=False debug=False>
  File "C:\Program Files\Python312\Lib\asyncio\base_events.py", line 641, in run_forever
    self._run_once()
    │    └ <function BaseEventLoop._run_once at 0x000002B6BF2613A0>
    └ <_WindowsSelectorEventLoop running=True closed=False debug=False>
  File "C:\Program Files\Python312\Lib\asyncio\base_events.py", line 1986, in _run_once
    handle._run()
    │      └ <function Handle._run at 0x000002B6BF167920>
    └ <Handle Task.task_wakeup(<Future finished result=None>)>
  File "C:\Program Files\Python312\Lib\asyncio\events.py", line 88, in _run
    self._context.run(self._callback, *self._args)
    │    │            │    │           │    └ <member '_args' of 'Handle' objects>
    │    │            │    │           └ <Handle Task.task_wakeup(<Future finished result=None>)>
    │    │            │    └ <member '_callback' of 'Handle' objects>
    │    │            └ <Handle Task.task_wakeup(<Future finished result=None>)>
    │    └ <member '_context' of 'Handle' objects>
    └ <Handle Task.task_wakeup(<Future finished result=None>)>
> File "C:\Users\Beast\Desktop\Work\projs\range_monitor_api\range_mon_2\cyber-range-monitor-v-2\backend\.venv\Lib\site-packages\uvicorn\protocols\http\httptools_impl.py", line 409, in run_asgi
    result = await app(  # type: ignore[func-returns-value]
                   └ <uvicorn.middleware.proxy_headers.ProxyHeadersMiddleware object at 0x000002B6BFDF8800>
  File "C:\Users\Beast\Desktop\Work\projs\range_monitor_api\range_mon_2\cyber-range-monitor-v-2\backend\.venv\Lib\site-packages\uvicorn\middleware\proxy_headers.py", line 60, in __call__
    return await self.app(scope, receive, send)
                 │    │   │      │        └ <bound method RequestResponseCycle.send of <uvicorn.protocols.http.httptools_impl.RequestResponseCycle object at 0x000002B6C5...
                 │    │   │      └ <bound method RequestResponseCycle.receive of <uvicorn.protocols.http.httptools_impl.RequestResponseCycle object at 0x000002B...
                 │    │   └ {'type': 'http', 'asgi': {'version': '3.0', 'spec_version': '2.3'}, 'http_version': '1.1', 'server': ('127.0.0.1', 8000), 'cl...
                 │    └ <fastapi.applications.FastAPI object at 0x000002B6C552C230>
                 └ <uvicorn.middleware.proxy_headers.ProxyHeadersMiddleware object at 0x000002B6BFDF8800>
  File "C:\Users\Beast\Desktop\Work\projs\range_monitor_api\range_mon_2\cyber-range-monitor-v-2\backend\.venv\Lib\site-packages\fastapi\applications.py", line 1055, in __call__
    await super().__call__(scope, receive, send)
                           │      │        └ <bound method RequestResponseCycle.send of <uvicorn.protocols.http.httptools_impl.RequestResponseCycle object at 0x000002B6C5...
                           │      └ <bound method RequestResponseCycle.receive of <uvicorn.protocols.http.httptools_impl.RequestResponseCycle object at 0x000002B...
                           └ {'type': 'http', 'asgi': {'version': '3.0', 'spec_version': '2.3'}, 'http_version': '1.1', 'server': ('127.0.0.1', 8000), 'cl...
  File "C:\Users\Beast\Desktop\Work\projs\range_monitor_api\range_mon_2\cyber-range-monitor-v-2\backend\.venv\Lib\site-packages\starlette\applications.py", line 112, in __call__
    await self.middleware_stack(scope, receive, send)
          │    │                │      │        └ <bound method RequestResponseCycle.send of <uvicorn.protocols.http.httptools_impl.RequestResponseCycle object at 0x000002B6C5...
          │    │                │      └ <bound method RequestResponseCycle.receive of <uvicorn.protocols.http.httptools_impl.RequestResponseCycle object at 0x000002B...
          │    │                └ {'type': 'http', 'asgi': {'version': '3.0', 'spec_version': '2.3'}, 'http_version': '1.1', 'server': ('127.0.0.1', 8000), 'cl...
          │    └ <starlette.middleware.errors.ServerErrorMiddleware object at 0x000002B6C5A1FC80>
          └ <fastapi.applications.FastAPI object at 0x000002B6C552C230>
  File "C:\Users\Beast\Desktop\Work\projs\range_monitor_api\range_mon_2\cyber-range-monitor-v-2\backend\.venv\Lib\site-packages\starlette\middleware\errors.py", line 187, in __call__
    raise exc
  File "C:\Users\Beast\Desktop\Work\projs\range_monitor_api\range_mon_2\cyber-range-monitor-v-2\backend\.venv\Lib\site-packages\starlette\middleware\errors.py", line 165, in __call__
    await self.app(scope, receive, _send)
          │    │   │      │        └ <function ServerErrorMiddleware.__call__.<locals>._send at 0x000002B6C5B5AF20>
          │    │   │      └ <bound method RequestResponseCycle.receive of <uvicorn.protocols.http.httptools_impl.RequestResponseCycle object at 0x000002B...
          │    │   └ {'type': 'http', 'asgi': {'version': '3.0', 'spec_version': '2.3'}, 'http_version': '1.1', 'server': ('127.0.0.1', 8000), 'cl...
          │    └ <starlette.middleware.cors.CORSMiddleware object at 0x000002B6C5A1FC20>
          └ <starlette.middleware.errors.ServerErrorMiddleware object at 0x000002B6C5A1FC80>
  File "C:\Users\Beast\Desktop\Work\projs\range_monitor_api\range_mon_2\cyber-range-monitor-v-2\backend\.venv\Lib\site-packages\starlette\middleware\cors.py", line 85, in __call__
    await self.app(scope, receive, send)
          │    │   │      │        └ <function ServerErrorMiddleware.__call__.<locals>._send at 0x000002B6C5B5AF20>
          │    │   │      └ <bound method RequestResponseCycle.receive of <uvicorn.protocols.http.httptools_impl.RequestResponseCycle object at 0x000002B...
          │    │   └ {'type': 'http', 'asgi': {'version': '3.0', 'spec_version': '2.3'}, 'http_version': '1.1', 'server': ('127.0.0.1', 8000), 'cl...
          │    └ <app.middleware.request_logger.RequestLoggingMiddleware object at 0x000002B6C5A1FE00>
          └ <starlette.middleware.cors.CORSMiddleware object at 0x000002B6C5A1FC20>
  File "C:\Users\Beast\Desktop\Work\projs\range_monitor_api\range_mon_2\cyber-range-monitor-v-2\backend\.venv\Lib\site-packages\starlette\middleware\base.py", line 177, in __call__
    with recv_stream, send_stream, collapse_excgroups():
         │            │            └ <function collapse_excgroups at 0x000002B6C0D1DB20>
         │            └ MemoryObjectSendStream(_state=MemoryObjectStreamState(max_buffer_size=0, buffer=deque([]), open_send_channels=0, open_receive...
         └ MemoryObjectReceiveStream(_state=MemoryObjectStreamState(max_buffer_size=0, buffer=deque([]), open_send_channels=0, open_rece...
  File "C:\Program Files\Python312\Lib\contextlib.py", line 158, in __exit__
    self.gen.throw(value)
    │    │   │     └ ExceptionGroup('unhandled errors in a TaskGroup', [TypeError('Boolean value of this clause is not defined')])
    │    │   └ <method 'throw' of 'generator' objects>
    │    └ <generator object collapse_excgroups at 0x000002B6C5BDE330>
    └ <contextlib._GeneratorContextManager object at 0x000002B6C5C030E0>
  File "C:\Users\Beast\Desktop\Work\projs\range_monitor_api\range_mon_2\cyber-range-monitor-v-2\backend\.venv\Lib\site-packages\starlette\_utils.py", line 82, in collapse_excgroups
    raise exc
  File "C:\Users\Beast\Desktop\Work\projs\range_monitor_api\range_mon_2\cyber-range-monitor-v-2\backend\.venv\Lib\site-packages\starlette\middleware\base.py", line 179, in __call__
    response = await self.dispatch_func(request, call_next)
                     │    │             │        └ <function BaseHTTPMiddleware.__call__.<locals>.call_next at 0x000002B6C5BC0720>
                     │    │             └ <starlette.middleware.base._CachedRequest object at 0x000002B6C5C03050>
                     │    └ <function request_logging_middleware at 0x000002B6C568B240>
                     └ <app.middleware.request_logger.RequestLoggingMiddleware object at 0x000002B6C5A1FE00>

  File "C:\Users\Beast\Desktop\Work\projs\range_monitor_api\range_mon_2\cyber-range-monitor-v-2\backend\app\middleware\request_logger.py", line 47, in request_logging_middleware
    response: Response = await call_next(request)
                               │         └ <starlette.middleware.base._CachedRequest object at 0x000002B6C5C03050>
                               └ <function BaseHTTPMiddleware.__call__.<locals>.call_next at 0x000002B6C5BC0720>

  File "C:\Users\Beast\Desktop\Work\projs\range_monitor_api\range_mon_2\cyber-range-monitor-v-2\backend\.venv\Lib\site-packages\starlette\middleware\base.py", line 154, in call_next
    raise app_exc
          └ TypeError('Boolean value of this clause is not defined')
  File "C:\Users\Beast\Desktop\Work\projs\range_monitor_api\range_mon_2\cyber-range-monitor-v-2\backend\.venv\Lib\site-packages\starlette\middleware\base.py", line 141, in coro
    await self.app(scope, receive_or_disconnect, send_no_error)
          │    │   │      │                      └ <function BaseHTTPMiddleware.__call__.<locals>.call_next.<locals>.send_no_error at 0x000002B6C5C75080>
          │    │   │      └ <function BaseHTTPMiddleware.__call__.<locals>.call_next.<locals>.receive_or_disconnect at 0x000002B6C5C74FE0>
          │    │   └ {'type': 'http', 'asgi': {'version': '3.0', 'spec_version': '2.3'}, 'http_version': '1.1', 'server': ('127.0.0.1', 8000), 'cl...
          │    └ <starlette.middleware.exceptions.ExceptionMiddleware object at 0x000002B6C5A1FD40>
          └ <app.middleware.request_logger.RequestLoggingMiddleware object at 0x000002B6C5A1FE00>
  File "C:\Users\Beast\Desktop\Work\projs\range_monitor_api\range_mon_2\cyber-range-monitor-v-2\backend\.venv\Lib\site-packages\starlette\middleware\exceptions.py", line 62, in __call__
    await wrap_app_handling_exceptions(self.app, conn)(scope, receive, send)
          │                            │    │    │     │      │        └ <function BaseHTTPMiddleware.__call__.<locals>.call_next.<locals>.send_no_error at 0x000002B6C5C75080>
          │                            │    │    │     │      └ <function BaseHTTPMiddleware.__call__.<locals>.call_next.<locals>.receive_or_disconnect at 0x000002B6C5C74FE0>
          │                            │    │    │     └ {'type': 'http', 'asgi': {'version': '3.0', 'spec_version': '2.3'}, 'http_version': '1.1', 'server': ('127.0.0.1', 8000), 'cl...
          │                            │    │    └ <starlette.requests.Request object at 0x000002B6C4E83500>
          │                            │    └ <fastapi.routing.APIRouter object at 0x000002B6C08C5C70>
          │                            └ <starlette.middleware.exceptions.ExceptionMiddleware object at 0x000002B6C5A1FD40>
          └ <function wrap_app_handling_exceptions at 0x000002B6C1F53740>
  File "C:\Users\Beast\Desktop\Work\projs\range_monitor_api\range_mon_2\cyber-range-monitor-v-2\backend\.venv\Lib\site-packages\starlette\_exception_handler.py", line 53, in wrapped_app
    raise exc
  File "C:\Users\Beast\Desktop\Work\projs\range_monitor_api\range_mon_2\cyber-range-monitor-v-2\backend\.venv\Lib\site-packages\starlette\_exception_handler.py", line 42, in wrapped_app
    await app(scope, receive, sender)
          │   │      │        └ <function wrap_app_handling_exceptions.<locals>.wrapped_app.<locals>.sender at 0x000002B6C5C75260>
          │   │      └ <function BaseHTTPMiddleware.__call__.<locals>.call_next.<locals>.receive_or_disconnect at 0x000002B6C5C74FE0>
          │   └ {'type': 'http', 'asgi': {'version': '3.0', 'spec_version': '2.3'}, 'http_version': '1.1', 'server': ('127.0.0.1', 8000), 'cl...
          └ <fastapi.routing.APIRouter object at 0x000002B6C08C5C70>
  File "C:\Users\Beast\Desktop\Work\projs\range_monitor_api\range_mon_2\cyber-range-monitor-v-2\backend\.venv\Lib\site-packages\starlette\routing.py", line 715, in __call__
    await self.middleware_stack(scope, receive, send)
          │    │                │      │        └ <function wrap_app_handling_exceptions.<locals>.wrapped_app.<locals>.sender at 0x000002B6C5C75260>
          │    │                │      └ <function BaseHTTPMiddleware.__call__.<locals>.call_next.<locals>.receive_or_disconnect at 0x000002B6C5C74FE0>
          │    │                └ {'type': 'http', 'asgi': {'version': '3.0', 'spec_version': '2.3'}, 'http_version': '1.1', 'server': ('127.0.0.1', 8000), 'cl...
          │    └ <bound method Router.app of <fastapi.routing.APIRouter object at 0x000002B6C08C5C70>>
          └ <fastapi.routing.APIRouter object at 0x000002B6C08C5C70>
  File "C:\Users\Beast\Desktop\Work\projs\range_monitor_api\range_mon_2\cyber-range-monitor-v-2\backend\.venv\Lib\site-packages\starlette\routing.py", line 735, in app
    await route.handle(scope, receive, send)
          │     │      │      │        └ <function wrap_app_handling_exceptions.<locals>.wrapped_app.<locals>.sender at 0x000002B6C5C75260>
          │     │      │      └ <function BaseHTTPMiddleware.__call__.<locals>.call_next.<locals>.receive_or_disconnect at 0x000002B6C5C74FE0>
          │     │      └ {'type': 'http', 'asgi': {'version': '3.0', 'spec_version': '2.3'}, 'http_version': '1.1', 'server': ('127.0.0.1', 8000), 'cl...
          │     └ <function Route.handle at 0x000002B6C1F7CC20>
          └ APIRoute(path='/api/users/', name='get_all_users', methods=['GET'])
  File "C:\Users\Beast\Desktop\Work\projs\range_monitor_api\range_mon_2\cyber-range-monitor-v-2\backend\.venv\Lib\site-packages\starlette\routing.py", line 288, in handle
    await self.app(scope, receive, send)
          │    │   │      │        └ <function wrap_app_handling_exceptions.<locals>.wrapped_app.<locals>.sender at 0x000002B6C5C75260>
          │    │   │      └ <function BaseHTTPMiddleware.__call__.<locals>.call_next.<locals>.receive_or_disconnect at 0x000002B6C5C74FE0>
          │    │   └ {'type': 'http', 'asgi': {'version': '3.0', 'spec_version': '2.3'}, 'http_version': '1.1', 'server': ('127.0.0.1', 8000), 'cl...
          │    └ <function request_response.<locals>.app at 0x000002B6C59C9B20>
          └ APIRoute(path='/api/users/', name='get_all_users', methods=['GET'])
  File "C:\Users\Beast\Desktop\Work\projs\range_monitor_api\range_mon_2\cyber-range-monitor-v-2\backend\.venv\Lib\site-packages\starlette\routing.py", line 76, in app
    await wrap_app_handling_exceptions(app, request)(scope, receive, send)
          │                            │    │        │      │        └ <function wrap_app_handling_exceptions.<locals>.wrapped_app.<locals>.sender at 0x000002B6C5C75260>
          │                            │    │        │      └ <function BaseHTTPMiddleware.__call__.<locals>.call_next.<locals>.receive_or_disconnect at 0x000002B6C5C74FE0>
          │                            │    │        └ {'type': 'http', 'asgi': {'version': '3.0', 'spec_version': '2.3'}, 'http_version': '1.1', 'server': ('127.0.0.1', 8000), 'cl...
          │                            │    └ <starlette.requests.Request object at 0x000002B6C5C6C5F0>
          │                            └ <function request_response.<locals>.app.<locals>.app at 0x000002B6C5C75300>
          └ <function wrap_app_handling_exceptions at 0x000002B6C1F53740>
  File "C:\Users\Beast\Desktop\Work\projs\range_monitor_api\range_mon_2\cyber-range-monitor-v-2\backend\.venv\Lib\site-packages\starlette\_exception_handler.py", line 53, in wrapped_app
    raise exc
  File "C:\Users\Beast\Desktop\Work\projs\range_monitor_api\range_mon_2\cyber-range-monitor-v-2\backend\.venv\Lib\site-packages\starlette\_exception_handler.py", line 42, in wrapped_app
    await app(scope, receive, sender)
          │   │      │        └ <function wrap_app_handling_exceptions.<locals>.wrapped_app.<locals>.sender at 0x000002B6C5C75440>
          │   │      └ <function BaseHTTPMiddleware.__call__.<locals>.call_next.<locals>.receive_or_disconnect at 0x000002B6C5C74FE0>
          │   └ {'type': 'http', 'asgi': {'version': '3.0', 'spec_version': '2.3'}, 'http_version': '1.1', 'server': ('127.0.0.1', 8000), 'cl...
          └ <function request_response.<locals>.app.<locals>.app at 0x000002B6C5C75300>
  File "C:\Users\Beast\Desktop\Work\projs\range_monitor_api\range_mon_2\cyber-range-monitor-v-2\backend\.venv\Lib\site-packages\starlette\routing.py", line 73, in app
    response = await f(request)
                     │ └ <starlette.requests.Request object at 0x000002B6C5C6C5F0>
                     └ <function get_request_handler.<locals>.app at 0x000002B6C59C9D00>
  File "C:\Users\Beast\Desktop\Work\projs\range_monitor_api\range_mon_2\cyber-range-monitor-v-2\backend\.venv\Lib\site-packages\fastapi\routing.py", line 301, in app
    raw_response = await run_endpoint_function(
                         └ <function run_endpoint_function at 0x000002B6C1F53060>
  File "C:\Users\Beast\Desktop\Work\projs\range_monitor_api\range_mon_2\cyber-range-monitor-v-2\backend\.venv\Lib\site-packages\fastapi\routing.py", line 212, in run_endpoint_function
    return await dependant.call(**values)
                 │         │      └ {'user_service': <app.api.users.service.UserService object at 0x000002B6C3C28560>, 'reader': <User(id=1 username=admin role=a...
                 │         └ <function get_all_users at 0x000002B6C542E160>
                 └ Dependant(path_params=[], query_params=[], header_params=[], cookie_params=[], body_params=[], dependencies=[Dependant(path_p...

  File "C:\Users\Beast\Desktop\Work\projs\range_monitor_api\range_mon_2\cyber-range-monitor-v-2\backend\app\api\users\router.py", line 74, in get_all_users
    response = await user_service.role_based_read_all(reader)
                     │            │                   └ <User(id=1 username=admin role=admin)>
                     │            └ <function UserService.role_based_read_all at 0x000002B6C38089A0>
                     └ <app.api.users.service.UserService object at 0x000002B6C3C28560>

  File "C:\Users\Beast\Desktop\Work\projs\range_monitor_api\range_mon_2\cyber-range-monitor-v-2\backend\app\api\users\service.py", line 176, in role_based_read_all
    readable_users = await self.models.select_all(
                           │    │      └ <function ModelRepository.select_all at 0x000002B6C3670680>
                           │    └ <app.common.repository.ModelRepository object at 0x000002B6C32F0590>
                           └ <app.api.users.service.UserService object at 0x000002B6C3C28560>

  File "C:\Users\Beast\Desktop\Work\projs\range_monitor_api\range_mon_2\cyber-range-monitor-v-2\backend\app\common\repository.py", line 88, in select_all
    if predicate:
       └ <sqlalchemy.sql.elements.BinaryExpression object at 0x000002B6C5C6E360>

  File "C:\Users\Beast\Desktop\Work\projs\range_monitor_api\range_mon_2\cyber-range-monitor-v-2\backend\.venv\Lib\site-packages\sqlalchemy\sql\elements.py", line 3949, in __bool__
    raise TypeError("Boolean value of this clause is not defined")

TypeError: Boolean value of this clause is not defined
2025-05-14 15:21:07.483 | INFO     | uvicorn.server:shutdown:263 - Shutting down
2025-05-14 15:21:07.596 | INFO     | uvicorn.lifespan.on:shutdown:67 - Waiting for application shutdown.
2025-05-14 15:21:07.613 | INFO     | uvicorn.lifespan.on:shutdown:76 - Application shutdown complete.
2025-05-14 15:21:07.617 | INFO     | uvicorn.server:_serve:93 - Finished server process [21480]
2025-05-14 15:21:13.426 | INFO     | uvicorn.server:_serve:83 - Started server process [32416]
2025-05-14 15:21:13.427 | INFO     | uvicorn.lifespan.on:startup:48 - Waiting for application startup.
2025-05-14 15:21:13.495 | INFO     | uvicorn.lifespan.on:startup:62 - Application startup complete.
2025-05-14 15:22:02.377 | INFO     | uvicorn.server:shutdown:263 - Shutting down
2025-05-14 15:22:02.488 | INFO     | uvicorn.lifespan.on:shutdown:67 - Waiting for application shutdown.
2025-05-14 15:22:02.505 | INFO     | uvicorn.lifespan.on:shutdown:76 - Application shutdown complete.
2025-05-14 15:22:02.507 | INFO     | uvicorn.server:_serve:93 - Finished server process [32416]
